issue_a,issue_b,split_a,split_b,cosine_similarity,cross_split,decision
27822,28267,train,train,1.0000,False,
27822,32439,train,train,1.0000,False,
27822,34198,train,val,1.0000,True,
27822,34838,train,train,1.0000,False,
27822,34843,train,train,1.0000,False,
27822,35614,train,val,1.0000,True,
27822,35751,train,train,1.0000,False,
27822,35755,train,val,1.0000,True,
27822,35770,train,train,1.0000,False,
27822,35772,train,train,1.0000,False,
27822,36285,train,train,1.0000,False,
27822,36926,train,train,1.0000,False,
27822,27674,train,val,1.0000,True,
27822,28438,train,train,1.0000,False,
27822,30350,train,train,1.0000,False,
27822,34200,train,train,1.0000,False,
27822,34209,train,train,1.0000,False,
27822,30682,train,val,1.0000,True,
27822,32440,train,val,1.0000,True,
28267,32439,train,train,1.0000,False,
28267,34198,train,val,1.0000,True,
28267,34838,train,train,1.0000,False,
28267,34843,train,train,1.0000,False,
28267,35614,train,val,1.0000,True,
28267,35751,train,train,1.0000,False,
28267,35755,train,val,1.0000,True,
28267,35770,train,train,1.0000,False,
28267,35772,train,train,1.0000,False,
28267,36285,train,train,1.0000,False,
28267,36926,train,train,1.0000,False,
28267,27674,train,val,1.0000,True,
28267,28438,train,train,1.0000,False,
28267,30350,train,train,1.0000,False,
28267,34200,train,train,1.0000,False,
28267,34209,train,train,1.0000,False,
28267,30682,train,val,1.0000,True,
28267,32440,train,val,1.0000,True,
29734,30473,train,train,1.0000,False,
29734,30573,train,train,1.0000,False,
29734,34205,train,train,1.0000,False,
29734,34675,train,train,1.0000,False,
29734,35239,train,train,1.0000,False,
29734,36118,train,train,1.0000,False,
29734,27681,train,val,1.0000,True,
29734,28423,train,train,1.0000,False,
29734,31191,train,val,1.0000,True,
29734,32570,train,train,1.0000,False,
29734,32683,train,train,1.0000,False,
29734,33992,train,train,1.0000,False,
29734,34478,train,train,1.0000,False,
29734,36111,train,train,1.0000,False,
29734,31120,train,train,1.0000,False,
29734,36562,train,train,1.0000,False,
30375,32910,train,val,1.0000,True,
30375,32994,train,train,1.0000,False,
30375,34986,train,val,1.0000,True,
30375,28730,train,train,1.0000,False,
30375,30322,train,val,1.0000,True,
30375,30408,train,train,1.0000,False,
30375,30570,train,train,1.0000,False,
30375,32036,train,train,1.0000,False,
30375,34117,train,train,1.0000,False,
30375,35826,train,val,1.0000,True,
30473,30573,train,train,1.0000,False,
30473,34205,train,train,1.0000,False,
30473,34675,train,train,1.0000,False,
30473,35239,train,train,1.0000,False,
30473,36118,train,train,1.0000,False,
30473,27681,train,val,1.0000,True,
30473,28423,train,train,1.0000,False,
30473,31191,train,val,1.0000,True,
30473,32570,train,train,1.0000,False,
30473,32683,train,train,1.0000,False,
30473,33992,train,train,1.0000,False,
30473,34478,train,train,1.0000,False,
30473,36111,train,train,1.0000,False,
30473,31120,train,train,1.0000,False,
30473,36562,train,train,1.0000,False,
30573,34205,train,train,1.0000,False,
30573,34675,train,train,1.0000,False,
30573,35239,train,train,1.0000,False,
30573,36118,train,train,1.0000,False,
30573,27681,train,val,1.0000,True,
30573,28423,train,train,1.0000,False,
30573,31191,train,val,1.0000,True,
30573,32570,train,train,1.0000,False,
30573,32683,train,train,1.0000,False,
30573,33992,train,train,1.0000,False,
30573,34478,train,train,1.0000,False,
30573,36111,train,train,1.0000,False,
30573,31120,train,train,1.0000,False,
30573,36562,train,train,1.0000,False,
32439,34198,train,val,1.0000,True,
32439,34838,train,train,1.0000,False,
32439,34843,train,train,1.0000,False,
32439,35614,train,val,1.0000,True,
32439,35751,train,train,1.0000,False,
32439,35755,train,val,1.0000,True,
32439,35770,train,train,1.0000,False,
32439,35772,train,train,1.0000,False,
32439,36285,train,train,1.0000,False,
32439,36926,train,train,1.0000,False,
32439,27674,train,val,1.0000,True,
32439,28438,train,train,1.0000,False,
32439,30350,train,train,1.0000,False,
32439,34200,train,train,1.0000,False,
32439,34209,train,train,1.0000,False,
32439,30682,train,val,1.0000,True,
32439,32440,train,val,1.0000,True,
32819,32821,train,train,1.0000,False,
32819,32548,train,train,1.0000,False,
32821,32548,train,train,1.0000,False,
32910,32994,val,train,1.0000,True,
32910,34986,val,val,1.0000,False,
32910,28730,val,train,1.0000,True,
32910,30322,val,val,1.0000,False,
32910,30408,val,train,1.0000,True,
32910,30570,val,train,1.0000,True,
32910,32036,val,train,1.0000,True,
32910,34117,val,train,1.0000,True,
32910,35826,val,val,1.0000,False,
32994,34986,train,val,1.0000,True,
32994,28730,train,train,1.0000,False,
32994,30322,train,val,1.0000,True,
32994,30408,train,train,1.0000,False,
32994,30570,train,train,1.0000,False,
32994,32036,train,train,1.0000,False,
32994,34117,train,train,1.0000,False,
32994,35826,train,val,1.0000,True,
33738,34815,train,train,1.0000,False,
33738,35754,train,val,1.0000,True,
33738,34170,train,train,1.0000,False,
34161,34550,train,val,1.0000,True,
34161,35381,train,val,1.0000,True,
34180,34793,train,train,1.0000,False,
34180,37057,train,val,1.0000,True,
34180,34529,train,train,1.0000,False,
34198,34838,val,train,1.0000,True,
34198,34843,val,train,1.0000,True,
34198,35614,val,val,1.0000,False,
34198,35751,val,train,1.0000,True,
34198,35755,val,val,1.0000,False,
34198,35770,val,train,1.0000,True,
34198,35772,val,train,1.0000,True,
34198,36285,val,train,1.0000,True,
34198,36926,val,train,1.0000,True,
34198,27674,val,val,1.0000,False,
34198,28438,val,train,1.0000,True,
34198,30350,val,train,1.0000,True,
34198,34200,val,train,1.0000,True,
34198,34209,val,train,1.0000,True,
34198,30682,val,val,1.0000,False,
34198,32440,val,val,1.0000,False,
34201,34622,train,train,1.0000,False,
34201,34706,train,train,1.0000,False,
34201,34932,train,train,1.0000,False,
34201,36406,train,val,1.0000,True,
34201,36433,train,train,1.0000,False,
34201,36687,train,train,1.0000,False,
34201,32441,train,train,1.0000,False,
34201,33858,train,train,1.0000,False,
34201,35011,train,train,1.0000,False,
34205,34675,train,train,1.0000,False,
34205,35239,train,train,1.0000,False,
34205,36118,train,train,1.0000,False,
34205,27681,train,val,1.0000,True,
34205,28423,train,train,1.0000,False,
34205,31191,train,val,1.0000,True,
34205,32570,train,train,1.0000,False,
34205,32683,train,train,1.0000,False,
34205,33992,train,train,1.0000,False,
34205,34478,train,train,1.0000,False,
34205,36111,train,train,1.0000,False,
34205,31120,train,train,1.0000,False,
34205,36562,train,train,1.0000,False,
34550,35381,val,val,1.0000,False,
34622,34706,train,train,1.0000,False,
34622,34932,train,train,1.0000,False,
34622,36406,train,val,1.0000,True,
34622,36433,train,train,1.0000,False,
34622,36687,train,train,1.0000,False,
34622,32441,train,train,1.0000,False,
34622,33858,train,train,1.0000,False,
34622,35011,train,train,1.0000,False,
34675,35239,train,train,1.0000,False,
34675,36118,train,train,1.0000,False,
34675,27681,train,val,1.0000,True,
34675,28423,train,train,1.0000,False,
34675,31191,train,val,1.0000,True,
34675,32570,train,train,1.0000,False,
34675,32683,train,train,1.0000,False,
34675,33992,train,train,1.0000,False,
34675,34478,train,train,1.0000,False,
34675,36111,train,train,1.0000,False,
34675,31120,train,train,1.0000,False,
34675,36562,train,train,1.0000,False,
34706,34932,train,train,1.0000,False,
34706,36406,train,val,1.0000,True,
34706,36433,train,train,1.0000,False,
34706,36687,train,train,1.0000,False,
34706,32441,train,train,1.0000,False,
34706,33858,train,train,1.0000,False,
34706,35011,train,train,1.0000,False,
34793,37057,train,val,1.0000,True,
34793,34529,train,train,1.0000,False,
34815,35754,train,val,1.0000,True,
34815,34170,train,train,1.0000,False,
34838,34843,train,train,1.0000,False,
34838,35614,train,val,1.0000,True,
34838,35751,train,train,1.0000,False,
34838,35755,train,val,1.0000,True,
34838,35770,train,train,1.0000,False,
34838,35772,train,train,1.0000,False,
34838,36285,train,train,1.0000,False,
34838,36926,train,train,1.0000,False,
34838,27674,train,val,1.0000,True,
34838,28438,train,train,1.0000,False,
34838,30350,train,train,1.0000,False,
34838,34200,train,train,1.0000,False,
34838,34209,train,train,1.0000,False,
34838,30682,train,val,1.0000,True,
34838,32440,train,val,1.0000,True,
34843,35614,train,val,1.0000,True,
34843,35751,train,train,1.0000,False,
34843,35755,train,val,1.0000,True,
34843,35770,train,train,1.0000,False,
34843,35772,train,train,1.0000,False,
34843,36285,train,train,1.0000,False,
34843,36926,train,train,1.0000,False,
34843,27674,train,val,1.0000,True,
34843,28438,train,train,1.0000,False,
34843,30350,train,train,1.0000,False,
34843,34200,train,train,1.0000,False,
34843,34209,train,train,1.0000,False,
34843,30682,train,val,1.0000,True,
34843,32440,train,val,1.0000,True,
34932,36406,train,val,1.0000,True,
34932,36433,train,train,1.0000,False,
34932,36687,train,train,1.0000,False,
34932,32441,train,train,1.0000,False,
34932,33858,train,train,1.0000,False,
34932,35011,train,train,1.0000,False,
34986,28730,val,train,1.0000,True,
34986,30322,val,val,1.0000,False,
34986,30408,val,train,1.0000,True,
34986,30570,val,train,1.0000,True,
34986,32036,val,train,1.0000,True,
34986,34117,val,train,1.0000,True,
34986,35826,val,val,1.0000,False,
35239,36118,train,train,1.0000,False,
35239,27681,train,val,1.0000,True,
35239,28423,train,train,1.0000,False,
35239,31191,train,val,1.0000,True,
35239,32570,train,train,1.0000,False,
35239,32683,train,train,1.0000,False,
35239,33992,train,train,1.0000,False,
35239,34478,train,train,1.0000,False,
35239,36111,train,train,1.0000,False,
35239,31120,train,train,1.0000,False,
35239,36562,train,train,1.0000,False,
35442,35461,val,train,1.0000,True,
35442,35429,val,val,1.0000,False,
35461,35429,train,val,1.0000,True,
35614,35751,val,train,1.0000,True,
35614,35755,val,val,1.0000,False,
35614,35770,val,train,1.0000,True,
35614,35772,val,train,1.0000,True,
35614,36285,val,train,1.0000,True,
35614,36926,val,train,1.0000,True,
35614,27674,val,val,1.0000,False,
35614,28438,val,train,1.0000,True,
35614,30350,val,train,1.0000,True,
35614,34200,val,train,1.0000,True,
35614,34209,val,train,1.0000,True,
35614,30682,val,val,1.0000,False,
35614,32440,val,val,1.0000,False,
35751,35755,train,val,1.0000,True,
35751,35770,train,train,1.0000,False,
35751,35772,train,train,1.0000,False,
35751,36285,train,train,1.0000,False,
35751,36926,train,train,1.0000,False,
35751,27674,train,val,1.0000,True,
35751,28438,train,train,1.0000,False,
35751,30350,train,train,1.0000,False,
35751,34200,train,train,1.0000,False,
35751,34209,train,train,1.0000,False,
35751,30682,train,val,1.0000,True,
35751,32440,train,val,1.0000,True,
35754,34170,val,train,1.0000,True,
35755,35770,val,train,1.0000,True,
35755,35772,val,train,1.0000,True,
35755,36285,val,train,1.0000,True,
35755,36926,val,train,1.0000,True,
35755,27674,val,val,1.0000,False,
35755,28438,val,train,1.0000,True,
35755,30350,val,train,1.0000,True,
35755,34200,val,train,1.0000,True,
35755,34209,val,train,1.0000,True,
35755,30682,val,val,1.0000,False,
35755,32440,val,val,1.0000,False,
35770,35772,train,train,1.0000,False,
35770,36285,train,train,1.0000,False,
35770,36926,train,train,1.0000,False,
35770,27674,train,val,1.0000,True,
35770,28438,train,train,1.0000,False,
35770,30350,train,train,1.0000,False,
35770,34200,train,train,1.0000,False,
35770,34209,train,train,1.0000,False,
35770,30682,train,val,1.0000,True,
35770,32440,train,val,1.0000,True,
35772,36285,train,train,1.0000,False,
35772,36926,train,train,1.0000,False,
35772,27674,train,val,1.0000,True,
35772,28438,train,train,1.0000,False,
35772,30350,train,train,1.0000,False,
35772,34200,train,train,1.0000,False,
35772,34209,train,train,1.0000,False,
35772,30682,train,val,1.0000,True,
35772,32440,train,val,1.0000,True,
36118,27681,train,val,1.0000,True,
36118,28423,train,train,1.0000,False,
36118,31191,train,val,1.0000,True,
36118,32570,train,train,1.0000,False,
36118,32683,train,train,1.0000,False,
36118,33992,train,train,1.0000,False,
36118,34478,train,train,1.0000,False,
36118,36111,train,train,1.0000,False,
36118,31120,train,train,1.0000,False,
36118,36562,train,train,1.0000,False,
36285,36926,train,train,1.0000,False,
36285,27674,train,val,1.0000,True,
36285,28438,train,train,1.0000,False,
36285,30350,train,train,1.0000,False,
36285,34200,train,train,1.0000,False,
36285,34209,train,train,1.0000,False,
36285,30682,train,val,1.0000,True,
36285,32440,train,val,1.0000,True,
36406,36433,val,train,1.0000,True,
36406,36687,val,train,1.0000,True,
36406,32441,val,train,1.0000,True,
36406,33858,val,train,1.0000,True,
36406,35011,val,train,1.0000,True,
36433,36687,train,train,1.0000,False,
36433,32441,train,train,1.0000,False,
36433,33858,train,train,1.0000,False,
36433,35011,train,train,1.0000,False,
36687,32441,train,train,1.0000,False,
36687,33858,train,train,1.0000,False,
36687,35011,train,train,1.0000,False,
36926,27674,train,val,1.0000,True,
36926,28438,train,train,1.0000,False,
36926,30350,train,train,1.0000,False,
36926,34200,train,train,1.0000,False,
36926,34209,train,train,1.0000,False,
36926,30682,train,val,1.0000,True,
36926,32440,train,val,1.0000,True,
36928,37996,train,train,1.0000,False,
36928,37256,train,train,1.0000,False,
37044,33399,train,train,1.0000,False,
37044,34087,train,train,1.0000,False,
37057,34529,val,train,1.0000,True,
37737,37894,train,train,1.0000,False,
37996,37256,train,train,1.0000,False,
27329,27322,train,train,1.0000,False,
27674,28438,val,train,1.0000,True,
27674,30350,val,train,1.0000,True,
27674,34200,val,train,1.0000,True,
27674,34209,val,train,1.0000,True,
27674,30682,val,val,1.0000,False,
27674,32440,val,val,1.0000,False,
27681,28423,val,train,1.0000,True,
27681,31191,val,val,1.0000,False,
27681,32570,val,train,1.0000,True,
27681,32683,val,train,1.0000,True,
27681,33992,val,train,1.0000,True,
27681,34478,val,train,1.0000,True,
27681,36111,val,train,1.0000,True,
27681,31120,val,train,1.0000,True,
27681,36562,val,train,1.0000,True,
28423,31191,train,val,1.0000,True,
28423,32570,train,train,1.0000,False,
28423,32683,train,train,1.0000,False,
28423,33992,train,train,1.0000,False,
28423,34478,train,train,1.0000,False,
28423,36111,train,train,1.0000,False,
28423,31120,train,train,1.0000,False,
28423,36562,train,train,1.0000,False,
28438,30350,train,train,1.0000,False,
28438,34200,train,train,1.0000,False,
28438,34209,train,train,1.0000,False,
28438,30682,train,val,1.0000,True,
28438,32440,train,val,1.0000,True,
28730,30322,train,val,1.0000,True,
28730,30408,train,train,1.0000,False,
28730,30570,train,train,1.0000,False,
28730,32036,train,train,1.0000,False,
28730,34117,train,train,1.0000,False,
28730,35826,train,val,1.0000,True,
30322,30408,val,train,1.0000,True,
30322,30570,val,train,1.0000,True,
30322,32036,val,train,1.0000,True,
30322,34117,val,train,1.0000,True,
30322,35826,val,val,1.0000,False,
30350,34200,train,train,1.0000,False,
30350,34209,train,train,1.0000,False,
30350,30682,train,val,1.0000,True,
30350,32440,train,val,1.0000,True,
30408,30570,train,train,1.0000,False,
30408,32036,train,train,1.0000,False,
30408,34117,train,train,1.0000,False,
30408,35826,train,val,1.0000,True,
30570,32036,train,train,1.0000,False,
30570,34117,train,train,1.0000,False,
30570,35826,train,val,1.0000,True,
31191,32570,val,train,1.0000,True,
31191,32683,val,train,1.0000,True,
31191,33992,val,train,1.0000,True,
31191,34478,val,train,1.0000,True,
31191,36111,val,train,1.0000,True,
31191,31120,val,train,1.0000,True,
31191,36562,val,train,1.0000,True,
32036,34117,train,train,1.0000,False,
32036,35826,train,val,1.0000,True,
32570,32683,train,train,1.0000,False,
32570,33992,train,train,1.0000,False,
32570,34478,train,train,1.0000,False,
32570,36111,train,train,1.0000,False,
32570,31120,train,train,1.0000,False,
32570,36562,train,train,1.0000,False,
32683,33992,train,train,1.0000,False,
32683,34478,train,train,1.0000,False,
32683,36111,train,train,1.0000,False,
32683,31120,train,train,1.0000,False,
32683,36562,train,train,1.0000,False,
33399,34087,train,train,1.0000,False,
33992,34478,train,train,1.0000,False,
33992,36111,train,train,1.0000,False,
33992,31120,train,train,1.0000,False,
33992,36562,train,train,1.0000,False,
34117,35826,train,val,1.0000,True,
34200,34209,train,train,1.0000,False,
34200,30682,train,val,1.0000,True,
34200,32440,train,val,1.0000,True,
34209,30682,train,val,1.0000,True,
34209,32440,train,val,1.0000,True,
34478,36111,train,train,1.0000,False,
34478,31120,train,train,1.0000,False,
34478,36562,train,train,1.0000,False,
36111,31120,train,train,1.0000,False,
36111,36562,train,train,1.0000,False,
30682,32440,val,val,1.0000,False,
31120,36562,train,train,1.0000,False,
32441,33858,train,train,1.0000,False,
32441,35011,train,train,1.0000,False,
33858,35011,train,train,1.0000,False,
27917,31592,train,train,1.0000,False,
31347,32260,train,train,1.0000,False,
31427,31433,train,train,1.0000,False,
31840,32256,train,train,1.0000,False,
31840,34166,train,train,1.0000,False,
31840,28083,train,train,1.0000,False,
31840,34465,train,train,1.0000,False,
31840,32343,train,train,1.0000,False,
31880,32028,train,train,1.0000,False,
32059,36896,train,val,1.0000,True,
32059,32437,train,train,1.0000,False,
32256,34166,train,train,1.0000,False,
32256,28083,train,train,1.0000,False,
32256,34465,train,train,1.0000,False,
32256,32343,train,train,1.0000,False,
33295,33302,train,train,1.0000,False,
33304,33305,train,train,1.0000,False,
33304,33306,train,val,1.0000,True,
33304,33307,train,train,1.0000,False,
33304,33308,train,train,1.0000,False,
33305,33306,train,val,1.0000,True,
33305,33307,train,train,1.0000,False,
33305,33308,train,train,1.0000,False,
33306,33307,val,train,1.0000,True,
33306,33308,val,train,1.0000,True,
33307,33308,train,train,1.0000,False,
33341,28998,val,train,1.0000,True,
33455,33771,train,train,1.0000,False,
33455,34075,train,train,1.0000,False,
33455,34903,train,train,1.0000,False,
33521,34167,train,train,1.0000,False,
33741,34178,train,train,1.0000,False,
33741,34701,train,train,1.0000,False,
33741,36907,train,train,1.0000,False,
33838,36351,train,train,1.0000,False,
34162,34659,train,val,1.0000,True,
34162,30527,train,train,1.0000,False,
34162,32566,train,train,1.0000,False,
34166,28083,train,train,1.0000,False,
34166,34465,train,train,1.0000,False,
34166,32343,train,train,1.0000,False,
34171,36906,train,train,1.0000,False,
34171,34479,train,val,1.0000,True,
34176,34564,train,train,1.0000,False,
34176,34878,train,val,1.0000,True,
34176,35178,train,train,1.0000,False,
34176,35357,train,train,1.0000,False,
34176,35869,train,train,1.0000,False,
34178,34701,train,train,1.0000,False,
34178,36907,train,train,1.0000,False,
34564,34878,train,val,1.0000,True,
34564,35178,train,train,1.0000,False,
34564,35357,train,train,1.0000,False,
34564,35869,train,train,1.0000,False,
34659,30527,val,train,1.0000,True,
34659,32566,val,train,1.0000,True,
34701,36907,train,train,1.0000,False,
34777,35305,train,val,1.0000,True,
34777,34196,train,train,1.0000,False,
34777,34865,train,train,1.0000,False,
34777,36328,train,val,1.0000,True,
34878,35178,val,train,1.0000,True,
34878,35357,val,train,1.0000,True,
34878,35869,val,train,1.0000,True,
35178,35357,train,train,1.0000,False,
35178,35869,train,train,1.0000,False,
35296,34179,train,train,1.0000,False,
35304,37050,train,val,1.0000,True,
35304,37110,train,val,1.0000,True,
35304,33537,train,train,1.0000,False,
35304,35004,train,val,1.0000,True,
35305,34196,val,train,1.0000,True,
35305,34865,val,train,1.0000,True,
35305,36328,val,val,1.0000,False,
35357,35869,train,train,1.0000,False,
35358,34197,train,train,1.0000,False,
35445,35409,train,train,1.0000,False,
35445,34708,train,val,1.0000,True,
35570,36254,train,train,1.0000,False,
35570,34172,train,train,1.0000,False,
35570,35768,train,val,1.0000,True,
35759,34185,train,train,1.0000,False,
35845,35293,train,val,1.0000,True,
35853,36383,val,train,1.0000,True,
35853,36414,val,train,1.0000,True,
35853,37403,val,val,1.0000,False,
35853,37406,val,val,1.0000,False,
35853,32828,val,val,1.0000,False,
35853,34164,val,val,1.0000,False,
35853,37340,val,train,1.0000,True,
35853,35257,val,train,1.0000,True,
35853,35564,val,train,1.0000,True,
35853,35735,val,train,1.0000,True,
35853,36151,val,val,1.0000,False,
35853,36454,val,train,1.0000,True,
36237,34114,train,train,1.0000,False,
36254,34172,train,train,1.0000,False,
36254,35768,train,val,1.0000,True,
36383,36414,train,train,1.0000,False,
36383,37403,train,val,1.0000,True,
36383,37406,train,val,1.0000,True,
36383,32828,train,val,1.0000,True,
36383,34164,train,val,1.0000,True,
36383,37340,train,train,1.0000,False,
36383,35257,train,train,1.0000,False,
36383,35564,train,train,1.0000,False,
36383,35735,train,train,1.0000,False,
36383,36151,train,val,1.0000,True,
36383,36454,train,train,1.0000,False,
36414,37403,train,val,1.0000,True,
36414,37406,train,val,1.0000,True,
36414,32828,train,val,1.0000,True,
36414,34164,train,val,1.0000,True,
36414,37340,train,train,1.0000,False,
36414,35257,train,train,1.0000,False,
36414,35564,train,train,1.0000,False,
36414,35735,train,train,1.0000,False,
36414,36151,train,val,1.0000,True,
36414,36454,train,train,1.0000,False,
36787,28413,val,val,1.0000,False,
36787,30066,val,val,1.0000,False,
36787,31855,val,train,1.0000,True,
36846,34665,train,train,1.0000,False,
36860,36875,train,train,1.0000,False,
36860,37204,train,train,1.0000,False,
36875,37204,train,train,1.0000,False,
36890,37012,train,train,1.0000,False,
36896,32437,val,train,1.0000,True,
36906,34479,train,val,1.0000,True,
36917,33827,train,val,1.0000,True,
36929,37213,train,train,1.0000,False,
36930,37437,train,train,1.0000,False,
36931,37025,train,val,1.0000,True,
36933,37062,train,train,1.0000,False,
36940,37143,train,val,1.0000,True,
36944,37115,train,train,1.0000,False,
36944,38018,train,train,1.0000,False,
36944,38099,train,train,1.0000,False,
36943,38046,train,train,1.0000,False,
36943,38070,train,train,1.0000,False,
36946,37034,train,val,1.0000,True,
36953,37339,train,train,1.0000,False,
36953,38042,train,train,1.0000,False,
36953,38055,train,train,1.0000,False,
36956,37782,train,train,1.0000,False,
36955,38159,train,train,1.0000,False,
36961,37000,train,train,1.0000,False,
37050,37110,val,val,1.0000,False,
37050,33537,val,train,1.0000,True,
37050,35004,val,val,1.0000,False,
37110,33537,val,train,1.0000,True,
37110,35004,val,val,1.0000,False,
37115,38018,train,train,1.0000,False,
37115,38099,train,train,1.0000,False,
37339,38042,train,train,1.0000,False,
37339,38055,train,train,1.0000,False,
37403,37406,val,val,1.0000,False,
37403,32828,val,val,1.0000,False,
37403,34164,val,val,1.0000,False,
37403,37340,val,train,1.0000,True,
37403,35257,val,train,1.0000,True,
37403,35564,val,train,1.0000,True,
37403,35735,val,train,1.0000,True,
37403,36151,val,val,1.0000,False,
37403,36454,val,train,1.0000,True,
37406,32828,val,val,1.0000,False,
37406,34164,val,val,1.0000,False,
37406,37340,val,train,1.0000,True,
37406,35257,val,train,1.0000,True,
37406,35564,val,train,1.0000,True,
37406,35735,val,train,1.0000,True,
37406,36151,val,val,1.0000,False,
37406,36454,val,train,1.0000,True,
37581,38025,train,train,1.0000,False,
37581,38011,train,train,1.0000,False,
37588,38073,train,val,1.0000,True,
37738,37882,train,val,1.0000,True,
37741,37743,train,train,1.0000,False,
37741,37899,train,train,1.0000,False,
37741,37980,train,train,1.0000,False,
37741,38005,train,val,1.0000,True,
37741,37981,train,val,1.0000,True,
37743,37899,train,train,1.0000,False,
37743,37980,train,train,1.0000,False,
37743,38005,train,val,1.0000,True,
37743,37981,train,val,1.0000,True,
37852,38019,train,train,1.0000,False,
37852,37184,train,train,1.0000,False,
37852,38007,train,train,1.0000,False,
37899,37980,train,train,1.0000,False,
37899,38005,train,val,1.0000,True,
37899,37981,train,val,1.0000,True,
37980,38005,train,val,1.0000,True,
37980,37981,train,val,1.0000,True,
38005,37981,val,val,1.0000,False,
38018,38099,train,train,1.0000,False,
38019,37184,train,train,1.0000,False,
38019,38007,train,train,1.0000,False,
38024,38014,train,train,1.0000,False,
38025,38011,train,train,1.0000,False,
38042,38055,train,train,1.0000,False,
38046,38070,train,train,1.0000,False,
27142,30275,train,train,1.0000,False,
27142,34911,train,train,1.0000,False,
28083,34465,train,train,1.0000,False,
28083,32343,train,train,1.0000,False,
28413,30066,val,val,1.0000,False,
28413,31855,val,train,1.0000,True,
30066,31855,val,train,1.0000,True,
30275,34911,train,train,1.0000,False,
30527,32566,train,train,1.0000,False,
32828,34164,val,val,1.0000,False,
32828,37340,val,train,1.0000,True,
32828,35257,val,train,1.0000,True,
32828,35564,val,train,1.0000,True,
32828,35735,val,train,1.0000,True,
32828,36151,val,val,1.0000,False,
32828,36454,val,train,1.0000,True,
33537,35004,train,val,1.0000,True,
33560,34670,train,train,1.0000,False,
33771,34075,train,train,1.0000,False,
33771,34903,train,train,1.0000,False,
34075,34903,train,train,1.0000,False,
34078,34656,train,train,1.0000,False,
34164,37340,val,train,1.0000,True,
34164,35257,val,train,1.0000,True,
34164,35564,val,train,1.0000,True,
34164,35735,val,train,1.0000,True,
34164,36151,val,val,1.0000,False,
34164,36454,val,train,1.0000,True,
34172,35768,train,val,1.0000,True,
34181,34673,train,train,1.0000,False,
34196,34865,train,train,1.0000,False,
34196,36328,train,val,1.0000,True,
34465,32343,train,train,1.0000,False,
34865,36328,train,val,1.0000,True,
35409,34708,train,val,1.0000,True,
37184,38007,train,train,1.0000,False,
37340,35257,train,train,1.0000,False,
37340,35564,train,train,1.0000,False,
37340,35735,train,train,1.0000,False,
37340,36151,train,val,1.0000,True,
37340,36454,train,train,1.0000,False,
35257,35564,train,train,1.0000,False,
35257,35735,train,train,1.0000,False,
35257,36151,train,val,1.0000,True,
35257,36454,train,train,1.0000,False,
35564,35735,train,train,1.0000,False,
35564,36151,train,val,1.0000,True,
35564,36454,train,train,1.0000,False,
35735,36151,train,val,1.0000,True,
35735,36454,train,train,1.0000,False,
36151,36454,val,train,1.0000,True,
42008,46658,train,train,1.0000,False,
27604,27616,train,train,1.0000,False,
27773,28576,train,val,1.0000,True,
28274,32346,val,val,1.0000,False,
28274,28306,val,train,1.0000,True,
28274,30303,val,train,1.0000,True,
28326,29669,train,train,1.0000,False,
28326,31203,train,val,1.0000,True,
28326,31806,train,train,1.0000,False,
28326,32205,train,train,1.0000,False,
28326,33737,train,train,1.0000,False,
28326,34832,train,val,1.0000,True,
28326,36839,train,train,1.0000,False,
28326,36852,train,train,1.0000,False,
28326,29327,train,train,1.0000,False,
28326,29753,train,train,1.0000,False,
28326,34163,train,train,1.0000,False,
28326,36381,train,val,1.0000,True,
28326,27849,train,train,1.0000,False,
28326,30093,train,train,1.0000,False,
29669,31203,train,val,1.0000,True,
29669,31806,train,train,1.0000,False,
29669,32205,train,train,1.0000,False,
29669,33737,train,train,1.0000,False,
29669,34832,train,val,1.0000,True,
29669,36839,train,train,1.0000,False,
29669,36852,train,train,1.0000,False,
29669,29327,train,train,1.0000,False,
29669,29753,train,train,1.0000,False,
29669,34163,train,train,1.0000,False,
29669,36381,train,val,1.0000,True,
29669,27849,train,train,1.0000,False,
29669,30093,train,train,1.0000,False,
30052,32641,train,train,1.0000,False,
30052,32757,train,train,1.0000,False,
30052,32857,train,val,1.0000,True,
30052,34913,train,train,1.0000,False,
30052,28295,train,train,1.0000,False,
30052,30761,train,train,1.0000,False,
30052,30775,train,train,1.0000,False,
30052,31492,train,val,1.0000,True,
30052,32943,train,val,1.0000,True,
30052,34477,train,train,1.0000,False,
30052,30578,train,train,1.0000,False,
30052,31131,train,train,1.0000,False,
30052,33991,train,val,1.0000,True,
30052,35872,train,train,1.0000,False,
31043,31236,train,train,1.0000,False,
31043,31041,train,train,1.0000,False,
31187,34785,train,train,1.0000,False,
31187,28336,train,val,1.0000,True,
31187,31742,train,val,1.0000,True,
31187,32540,train,train,1.0000,False,
31203,31806,val,train,1.0000,True,
31203,32205,val,train,1.0000,True,
31203,33737,val,train,1.0000,True,
31203,34832,val,val,1.0000,False,
31203,36839,val,train,1.0000,True,
31203,36852,val,train,1.0000,True,
31203,29327,val,train,1.0000,True,
31203,29753,val,train,1.0000,True,
31203,34163,val,train,1.0000,True,
31203,36381,val,val,1.0000,False,
31203,27849,val,train,1.0000,True,
31203,30093,val,train,1.0000,True,
31236,31041,train,train,1.0000,False,
31806,32205,train,train,1.0000,False,
31806,33737,train,train,1.0000,False,
31806,34832,train,val,1.0000,True,
31806,36839,train,train,1.0000,False,
31806,36852,train,train,1.0000,False,
31806,29327,train,train,1.0000,False,
31806,29753,train,train,1.0000,False,
31806,34163,train,train,1.0000,False,
31806,36381,train,val,1.0000,True,
31806,27849,train,train,1.0000,False,
31806,30093,train,train,1.0000,False,
32205,33737,train,train,1.0000,False,
32205,34832,train,val,1.0000,True,
32205,36839,train,train,1.0000,False,
32205,36852,train,train,1.0000,False,
32205,29327,train,train,1.0000,False,
32205,29753,train,train,1.0000,False,
32205,34163,train,train,1.0000,False,
32205,36381,train,val,1.0000,True,
32205,27849,train,train,1.0000,False,
32205,30093,train,train,1.0000,False,
32346,28306,val,train,1.0000,True,
32346,30303,val,train,1.0000,True,
32641,32757,train,train,1.0000,False,
32641,32857,train,val,1.0000,True,
32641,34913,train,train,1.0000,False,
32641,28295,train,train,1.0000,False,
32641,30761,train,train,1.0000,False,
32641,30775,train,train,1.0000,False,
32641,31492,train,val,1.0000,True,
32641,32943,train,val,1.0000,True,
32641,34477,train,train,1.0000,False,
32641,30578,train,train,1.0000,False,
32641,31131,train,train,1.0000,False,
32641,33991,train,val,1.0000,True,
32641,35872,train,train,1.0000,False,
32757,32857,train,val,1.0000,True,
32757,34913,train,train,1.0000,False,
32757,28295,train,train,1.0000,False,
32757,30761,train,train,1.0000,False,
32757,30775,train,train,1.0000,False,
32757,31492,train,val,1.0000,True,
32757,32943,train,val,1.0000,True,
32757,34477,train,train,1.0000,False,
32757,30578,train,train,1.0000,False,
32757,31131,train,train,1.0000,False,
32757,33991,train,val,1.0000,True,
32757,35872,train,train,1.0000,False,
32857,34913,val,train,1.0000,True,
32857,28295,val,train,1.0000,True,
32857,30761,val,train,1.0000,True,
32857,30775,val,train,1.0000,True,
32857,31492,val,val,1.0000,False,
32857,32943,val,val,1.0000,False,
32857,34477,val,train,1.0000,True,
32857,30578,val,train,1.0000,True,
32857,31131,val,train,1.0000,True,
32857,33991,val,val,1.0000,False,
32857,35872,val,train,1.0000,True,
32909,34195,train,train,1.0000,False,
32909,28440,train,val,1.0000,True,
32909,30962,train,train,1.0000,False,
32909,32932,train,train,1.0000,False,
32909,34985,train,train,1.0000,False,
32980,27920,val,train,1.0000,True,
33022,32770,train,train,1.0000,False,
33327,33325,train,train,1.0000,False,
33329,33330,train,train,1.0000,False,
33329,33331,train,train,1.0000,False,
33330,33331,train,train,1.0000,False,
33377,33388,train,train,1.0000,False,
33377,33993,train,val,1.0000,True,
33377,36895,train,train,1.0000,False,
33377,34796,train,train,1.0000,False,
33507,34757,train,train,1.0000,False,
33507,35169,train,train,1.0000,False,
33507,28013,train,train,1.0000,False,
33507,31570,train,train,1.0000,False,
33507,34182,train,train,1.0000,False,
33737,34832,train,val,1.0000,True,
33737,36839,train,train,1.0000,False,
33737,36852,train,train,1.0000,False,
33737,29327,train,train,1.0000,False,
33737,29753,train,train,1.0000,False,
33737,34163,train,train,1.0000,False,
33737,36381,train,val,1.0000,True,
33737,27849,train,train,1.0000,False,
33737,30093,train,train,1.0000,False,
33740,34177,val,train,1.0000,True,
33740,34716,val,train,1.0000,True,
33740,34388,val,train,1.0000,True,
33739,34175,train,train,1.0000,False,
33739,35575,train,val,1.0000,True,
33739,36452,train,train,1.0000,False,
33739,34231,train,train,1.0000,False,
33839,32257,train,train,1.0000,False,
34169,34680,train,train,1.0000,False,
34169,35242,train,train,1.0000,False,
34169,34476,train,train,1.0000,False,
34168,34475,train,train,1.0000,False,
34173,34481,train,train,1.0000,False,
34173,34863,train,val,1.0000,True,
34175,35575,train,val,1.0000,True,
34175,36452,train,train,1.0000,False,
34175,34231,train,train,1.0000,False,
34177,34716,train,train,1.0000,False,
34177,34388,train,train,1.0000,False,
34184,35769,train,val,1.0000,True,
34184,34116,train,train,1.0000,False,
34189,35801,train,train,1.0000,False,
34189,35847,train,train,1.0000,False,
34189,34208,train,train,1.0000,False,
34191,34880,train,train,1.0000,False,
34191,33742,train,train,1.0000,False,
34191,34499,train,train,1.0000,False,
34195,28440,train,val,1.0000,True,
34195,30962,train,train,1.0000,False,
34195,32932,train,train,1.0000,False,
34195,34985,train,train,1.0000,False,
34203,36862,train,val,1.0000,True,
34680,35242,train,train,1.0000,False,
34680,34476,train,train,1.0000,False,
34684,33603,train,train,1.0000,False,
34684,34187,train,train,1.0000,False,
34690,37045,train,train,1.0000,False,
34690,34193,train,train,1.0000,False,
34716,34388,train,train,1.0000,False,
34757,35169,train,train,1.0000,False,
34757,28013,train,train,1.0000,False,
34757,31570,train,train,1.0000,False,
34757,34182,train,train,1.0000,False,
34768,33624,train,train,1.0000,False,
34768,34904,train,train,1.0000,False,
34785,28336,train,val,1.0000,True,
34785,31742,train,val,1.0000,True,
34785,32540,train,train,1.0000,False,
34812,35107,train,val,1.0000,True,
34812,34115,train,train,1.0000,False,
34832,36839,val,train,1.0000,True,
34832,36852,val,train,1.0000,True,
34832,29327,val,train,1.0000,True,
34832,29753,val,train,1.0000,True,
34832,34163,val,train,1.0000,True,
34832,36381,val,val,1.0000,False,
34832,27849,val,train,1.0000,True,
34832,30093,val,train,1.0000,True,
34835,33400,train,train,1.0000,False,
34835,34077,train,train,1.0000,False,
34837,34912,train,train,1.0000,False,
34837,34165,train,train,1.0000,False,
34842,36689,val,train,1.0000,True,
34842,37127,val,train,1.0000,True,
34842,34190,val,train,1.0000,True,
34880,33742,train,train,1.0000,False,
34880,34499,train,train,1.0000,False,
34912,34165,train,train,1.0000,False,
34913,28295,train,train,1.0000,False,
34913,30761,train,train,1.0000,False,
34913,30775,train,train,1.0000,False,
34913,31492,train,val,1.0000,True,
34913,32943,train,val,1.0000,True,
34913,34477,train,train,1.0000,False,
34913,30578,train,train,1.0000,False,
34913,31131,train,train,1.0000,False,
34913,33991,train,val,1.0000,True,
34913,35872,train,train,1.0000,False,
35107,34115,val,train,1.0000,True,
35169,28013,train,train,1.0000,False,
35169,31570,train,train,1.0000,False,
35169,34182,train,train,1.0000,False,
35242,34476,train,train,1.0000,False,
35575,36452,val,train,1.0000,True,
35575,34231,val,train,1.0000,True,
35769,34116,val,train,1.0000,True,
35801,35847,train,train,1.0000,False,
35801,34208,train,train,1.0000,False,
35847,34208,train,train,1.0000,False,
36452,34231,train,train,1.0000,False,
36689,37127,train,train,1.0000,False,
36689,34190,train,train,1.0000,False,
36839,36852,train,train,1.0000,False,
36839,29327,train,train,1.0000,False,
36839,29753,train,train,1.0000,False,
36839,34163,train,train,1.0000,False,
36839,36381,train,val,1.0000,True,
36839,27849,train,train,1.0000,False,
36839,30093,train,train,1.0000,False,
36852,29327,train,train,1.0000,False,
36852,29753,train,train,1.0000,False,
36852,34163,train,train,1.0000,False,
36852,36381,train,val,1.0000,True,
36852,27849,train,train,1.0000,False,
36852,30093,train,train,1.0000,False,
36861,36874,val,train,1.0000,True,
36861,37602,val,val,1.0000,False,
36861,38044,val,val,1.0000,False,
36874,37602,train,val,1.0000,True,
36874,38044,train,val,1.0000,True,
36932,37425,train,train,1.0000,False,
36932,37960,train,val,1.0000,True,
36938,37168,train,train,1.0000,False,
36938,37930,train,train,1.0000,False,
36938,38066,train,train,1.0000,False,
36937,37660,train,train,1.0000,False,
36937,38329,train,train,1.0000,False,
36959,36960,val,val,1.0000,False,
36959,37116,val,train,1.0000,True,
36959,37514,val,train,1.0000,True,
36959,38114,val,train,1.0000,True,
36958,38162,train,val,1.0000,True,
36960,37116,val,train,1.0000,True,
36960,37514,val,train,1.0000,True,
36960,38114,val,train,1.0000,True,
37045,34193,train,train,1.0000,False,
37116,37514,train,train,1.0000,False,
37116,38114,train,train,1.0000,False,
37127,34190,train,train,1.0000,False,
37155,37740,train,train,1.0000,False,
37168,37930,train,train,1.0000,False,
37168,38066,train,train,1.0000,False,
37329,38077,train,train,1.0000,False,
37425,37960,train,val,1.0000,True,
37430,37970,train,train,1.0000,False,
37514,38114,train,train,1.0000,False,
37602,38044,val,val,1.0000,False,
37660,38329,train,train,1.0000,False,
37736,37892,train,val,1.0000,True,
37739,37942,train,val,1.0000,True,
37739,38002,train,train,1.0000,False,
37739,38039,train,train,1.0000,False,
37806,37896,train,train,1.0000,False,
37817,37861,val,train,1.0000,True,
37817,37988,val,train,1.0000,True,
37861,37988,train,train,1.0000,False,
37930,38066,train,train,1.0000,False,
37942,38002,val,train,1.0000,True,
37942,38039,val,train,1.0000,True,
37993,37170,val,train,1.0000,True,
38002,38039,train,train,1.0000,False,
38017,38016,train,train,1.0000,False,
38017,38027,train,train,1.0000,False,
38017,38029,train,val,1.0000,True,
38016,38027,train,train,1.0000,False,
38016,38029,train,val,1.0000,True,
38020,38013,train,train,1.0000,False,
38022,38023,train,train,1.0000,False,
38022,38009,train,train,1.0000,False,
38022,38010,train,train,1.0000,False,
38021,38008,train,train,1.0000,False,
38023,38009,train,train,1.0000,False,
38023,38010,train,train,1.0000,False,
38027,38029,train,val,1.0000,True,
38263,36954,val,train,1.0000,True,
27767,28615,train,train,1.0000,False,
28013,31570,train,train,1.0000,False,
28013,34182,train,train,1.0000,False,
28295,30761,train,train,1.0000,False,
28295,30775,train,train,1.0000,False,
28295,31492,train,val,1.0000,True,
28295,32943,train,val,1.0000,True,
28295,34477,train,train,1.0000,False,
28295,30578,train,train,1.0000,False,
28295,31131,train,train,1.0000,False,
28295,33991,train,val,1.0000,True,
28295,35872,train,train,1.0000,False,
28306,30303,train,train,1.0000,False,
28336,31742,val,val,1.0000,False,
28336,32540,val,train,1.0000,True,
28440,30962,val,train,1.0000,True,
28440,32932,val,train,1.0000,True,
28440,34985,val,train,1.0000,True,
29327,29753,train,train,1.0000,False,
29327,34163,train,train,1.0000,False,
29327,36381,train,val,1.0000,True,
29327,27849,train,train,1.0000,False,
29327,30093,train,train,1.0000,False,
29753,34163,train,train,1.0000,False,
29753,36381,train,val,1.0000,True,
29753,27849,train,train,1.0000,False,
29753,30093,train,train,1.0000,False,
30124,33434,train,train,1.0000,False,
30204,31667,train,train,1.0000,False,
30204,32430,train,train,1.0000,False,
30761,30775,train,train,1.0000,False,
30761,31492,train,val,1.0000,True,
30761,32943,train,val,1.0000,True,
30761,34477,train,train,1.0000,False,
30761,30578,train,train,1.0000,False,
30761,31131,train,train,1.0000,False,
30761,33991,train,val,1.0000,True,
30761,35872,train,train,1.0000,False,
30775,31492,train,val,1.0000,True,
30775,32943,train,val,1.0000,True,
30775,34477,train,train,1.0000,False,
30775,30578,train,train,1.0000,False,
30775,31131,train,train,1.0000,False,
30775,33991,train,val,1.0000,True,
30775,35872,train,train,1.0000,False,
30962,32932,train,train,1.0000,False,
30962,34985,train,train,1.0000,False,
31492,32943,val,val,1.0000,False,
31492,34477,val,train,1.0000,True,
31492,30578,val,train,1.0000,True,
31492,31131,val,train,1.0000,True,
31492,33991,val,val,1.0000,False,
31492,35872,val,train,1.0000,True,
31570,34182,train,train,1.0000,False,
31667,32430,train,train,1.0000,False,
31742,32540,val,train,1.0000,True,
32022,33547,val,train,1.0000,True,
32932,34985,train,train,1.0000,False,
32943,34477,val,train,1.0000,True,
32943,30578,val,train,1.0000,True,
32943,31131,val,train,1.0000,True,
32943,33991,val,val,1.0000,False,
32943,35872,val,train,1.0000,True,
32956,32958,train,val,1.0000,True,
32965,32966,train,train,1.0000,False,
33388,33993,train,val,1.0000,True,
33388,36895,train,train,1.0000,False,
33388,34796,train,train,1.0000,False,
33400,34077,train,train,1.0000,False,
33603,34187,train,train,1.0000,False,
33624,34904,train,train,1.0000,False,
33742,34499,train,train,1.0000,False,
33993,36895,val,train,1.0000,True,
33993,34796,val,train,1.0000,True,
34163,36381,train,val,1.0000,True,
34163,27849,train,train,1.0000,False,
34163,30093,train,train,1.0000,False,
34477,30578,train,train,1.0000,False,
34477,31131,train,train,1.0000,False,
34477,33991,train,val,1.0000,True,
34477,35872,train,train,1.0000,False,
34481,34863,train,val,1.0000,True,
36381,27849,val,train,1.0000,True,
36381,30093,val,train,1.0000,True,
36895,34796,train,train,1.0000,False,
27849,30093,train,train,1.0000,False,
30578,31131,train,train,1.0000,False,
30578,33991,train,val,1.0000,True,
30578,35872,train,train,1.0000,False,
31131,33991,train,val,1.0000,True,
31131,35872,train,train,1.0000,False,
33991,35872,val,train,1.0000,True,
38009,38010,train,train,1.0000,False,
21814,21848,train,train,1.0000,False,
34204,36863,val,train,1.0000,True,
34792,34889,train,val,1.0000,True,
34792,34186,train,train,1.0000,False,
34792,34480,train,train,1.0000,False,
34889,34186,val,train,1.0000,True,
34889,34480,val,train,1.0000,True,
36936,37832,train,train,1.0000,False,
36936,38081,train,train,1.0000,False,
37178,37848,train,val,1.0000,True,
37178,37895,train,train,1.0000,False,
37178,37947,train,val,1.0000,True,
37610,37409,train,train,1.0000,False,
37610,37956,train,val,1.0000,True,
37742,37901,train,train,1.0000,False,
37832,38081,train,train,1.0000,False,
37848,37895,val,train,1.0000,True,
37848,37947,val,val,1.0000,False,
34186,34480,train,train,1.0000,False,
37409,37956,train,val,1.0000,True,
37895,37947,train,val,1.0000,True,
34795,34118,train,train,1.0000,False,
36942,37631,train,train,1.0000,False,
36942,38045,train,train,1.0000,False,
37631,38045,train,train,1.0000,False,
34823,34155,train,train,1.0000,False,
34823,35006,train,train,1.0000,False,
34155,35006,train,train,1.0000,False,
21815,21849,train,val,1.0000,True,
28416,33725,val,train,0.9999,True,
33725,37456,train,train,0.9998,False,
33782,34014,train,train,0.9997,False,
33627,37456,train,train,0.9997,False,
28416,37456,val,train,0.9997,True,
31055,37456,val,train,0.9997,True,
31055,33725,val,train,0.9997,True,
33627,33725,train,train,0.9996,False,
31055,28416,val,val,0.9996,False,
28416,33627,val,train,0.9996,True,
31055,33627,val,train,0.9995,True,
33725,34206,train,train,0.9995,False,
28416,34206,val,train,0.9994,True,
34206,37456,train,train,0.9994,False,
33627,34206,train,train,0.9993,False,
31055,34206,val,train,0.9993,True,
30132,33423,train,train,0.9992,False,
28462,34014,val,train,0.9990,True,
43335,37456,train,train,0.9989,False,
43335,28416,train,val,0.9989,True,
28416,30132,val,train,0.9989,True,
43335,33725,train,train,0.9989,False,
28416,33423,val,train,0.9989,True,
30132,33725,train,train,0.9989,False,
30132,37456,train,train,0.9989,False,
43335,33627,train,train,0.9988,False,
37374,33782,train,train,0.9988,False,
28462,33782,val,train,0.9988,True,
31055,43335,val,train,0.9988,True,
30132,33627,train,train,0.9988,False,
30132,34206,train,train,0.9988,False,
31055,30132,val,train,0.9988,True,
33423,33725,train,train,0.9988,False,
37374,28462,train,val,0.9988,True,
33423,34206,train,train,0.9987,False,
33423,37456,train,train,0.9987,False,
37374,34014,train,train,0.9987,False,
43335,34206,train,train,0.9986,False,
31055,33423,val,train,0.9986,True,
33423,33627,train,train,0.9985,False,
43335,30132,train,train,0.9984,False,
43335,33423,train,train,0.9980,False,
31055,33415,val,val,0.9976,False,
33415,37456,val,train,0.9973,True,
33415,33627,val,train,0.9973,True,
33415,33725,val,train,0.9972,True,
35852,35880,train,train,0.9972,False,
33415,34206,val,train,0.9971,True,
28416,33415,val,val,0.9970,False,
35445,37324,train,train,0.9969,False,
35409,37324,train,train,0.9969,False,
34708,37324,val,train,0.9969,True,
30132,33415,train,val,0.9967,True,
28462,30124,val,train,0.9965,True,
28462,33434,val,train,0.9965,True,
43335,33415,train,val,0.9964,True,
34713,37241,val,train,0.9964,True,
37374,30124,train,train,0.9964,False,
37374,33434,train,train,0.9964,False,
30124,34014,train,train,0.9962,False,
33434,34014,train,train,0.9962,False,
30124,33782,train,train,0.9961,False,
33434,33782,train,train,0.9961,False,
33415,33423,val,train,0.9960,True,
37776,37160,train,train,0.9959,False,
28081,26127,train,train,0.9955,False,
37818,37768,train,train,0.9949,False,
37811,34671,train,train,0.9946,False,
33479,37456,train,train,0.9944,False,
33627,33479,train,train,0.9944,False,
31347,31277,train,train,0.9942,False,
32260,31277,train,train,0.9942,False,
33725,33479,train,train,0.9942,False,
34070,37159,train,val,0.9941,True,
31055,33479,val,train,0.9940,True,
28416,33479,val,train,0.9940,True,
33430,33782,train,train,0.9939,False,
34206,33479,train,train,0.9938,False,
33415,33479,val,train,0.9937,True,
56078,56090,val,train,0.9936,True,
28462,33430,val,train,0.9935,True,
33430,34014,train,train,0.9934,False,
43335,33479,train,train,0.9933,False,
37776,37159,train,val,0.9933,True,
27683,27726,train,val,0.9933,True,
37374,33430,train,train,0.9933,False,
30132,33479,train,train,0.9932,False,
30878,32044,train,val,0.9929,True,
33423,33479,train,train,0.9929,False,
35106,35121,train,train,0.9928,False,
34331,35337,train,train,0.9926,False,
32950,30571,train,val,0.9918,True,
30124,33430,train,train,0.9917,False,
33430,33434,train,train,0.9917,False,
30388,29559,train,train,0.9916,False,
34070,37160,train,train,0.9916,False,
35589,33895,train,train,0.9915,False,
36469,36323,val,train,0.9913,True,
37776,37879,train,val,0.9912,True,
67600,67603,test,test,0.9911,False,
33106,29225,train,train,0.9909,False,
31743,30524,val,train,0.9908,True,
31427,31374,train,val,0.9908,True,
31433,31374,train,val,0.9908,True,
35857,35854,train,train,0.9908,False,
37879,37160,val,train,0.9907,True,
37818,37819,train,train,0.9907,False,
35397,35400,train,train,0.9907,False,
35347,35225,train,train,0.9904,False,
32185,32372,train,train,0.9900,False,
34671,37112,train,train,0.9895,False,
37811,37916,train,train,0.9895,False,
34671,37916,train,train,0.9892,False,
6199,6233,train,train,0.9892,False,
37159,37160,val,train,0.9892,True,
35445,34666,train,train,0.9891,False,
34666,35409,train,train,0.9891,False,
34666,34708,train,val,0.9891,True,
37916,37915,train,train,0.9889,False,
34096,37937,train,val,0.9886,True,
33997,28427,val,train,0.9880,True,
60463,65286,train,train,0.9878,False,
35110,35121,train,train,0.9876,False,
37811,37112,train,train,0.9875,False,
37776,34070,train,train,0.9874,False,
36586,36962,train,train,0.9874,False,
28069,28168,val,val,0.9872,False,
76721,92469,test,test,0.9866,False,
27324,35880,val,train,0.9865,True,
34496,34124,train,train,0.9864,False,
37916,37937,train,val,0.9863,True,
37768,37769,train,val,0.9862,True,
34666,37324,train,train,0.9860,False,
27811,27727,train,train,0.9859,False,
37819,37768,train,train,0.9857,False,
30831,30644,val,train,0.9857,True,
30672,27850,train,train,0.9856,False,
27675,32950,train,train,0.9855,False,
34070,34872,train,train,0.9854,False,
31347,31710,train,train,0.9852,False,
32260,31710,train,train,0.9852,False,
28863,27691,train,train,0.9851,False,
36837,29752,train,train,0.9851,False,
34123,35398,train,val,0.9851,True,
34096,37916,train,train,0.9845,False,
37879,37159,val,val,0.9843,False,
35106,35110,train,train,0.9842,False,
37915,37937,train,val,0.9842,True,
34855,37916,val,train,0.9841,True,
30567,31920,train,train,0.9837,False,
35852,27324,train,val,0.9837,True,
37160,37916,train,train,0.9835,False,
27635,32505,train,train,0.9835,False,
36970,37791,train,val,0.9835,True,
32950,34301,train,val,0.9832,True,
37776,37937,train,val,0.9831,True,
37159,37915,val,train,0.9831,True,
37776,37916,train,train,0.9831,False,
37879,37937,val,val,0.9831,False,
26834,26509,val,train,0.9829,True,
28429,28737,val,val,0.9828,False,
34301,30571,val,val,0.9825,False,
27675,30571,train,val,0.9823,True,
37879,34070,val,train,0.9821,True,
37112,37916,train,train,0.9821,False,
27529,27662,train,train,0.9820,False,
34070,37915,train,train,0.9818,False,
81198,92469,test,test,0.9818,False,
37112,37937,train,val,0.9817,True,
27675,34301,train,val,0.9817,True,
36890,34713,train,val,0.9814,True,
37012,34713,train,val,0.9814,True,
37179,35150,train,train,0.9812,False,
34096,34855,train,val,0.9808,True,
27669,29770,train,train,0.9808,False,
37819,37769,train,val,0.9803,True,
76721,81198,test,test,0.9797,False,
34872,37159,train,val,0.9796,True,
34096,37112,train,train,0.9794,False,
31277,31710,train,train,0.9793,False,
34855,37937,val,val,0.9792,False,
37160,37937,train,val,0.9790,True,
30142,30078,val,train,0.9786,True,
37811,37915,train,train,0.9784,False,
34671,37915,train,train,0.9781,False,
36890,37241,train,train,0.9779,False,
37012,37241,train,train,0.9779,False,
26185,27142,train,train,0.9777,False,
26185,30275,train,train,0.9777,False,
26185,34911,train,train,0.9777,False,
34872,37160,train,train,0.9771,False,
34855,34872,val,train,0.9770,True,
37160,37915,train,train,0.9769,False,
32732,36074,train,train,0.9769,False,
34096,34671,train,train,0.9767,False,
34671,34855,train,val,0.9767,True,
36458,34717,train,val,0.9767,True,
37879,34872,val,train,0.9766,True,
37776,37915,train,train,0.9765,False,
37159,37916,val,train,0.9764,True,
37159,37937,val,val,0.9763,False,
37776,34096,train,train,0.9763,False,
18928,19002,train,train,0.9760,False,
37879,34096,val,train,0.9759,True,
28010,37952,train,val,0.9756,True,
37053,37106,val,train,0.9756,True,
37811,37937,train,val,0.9756,True,
34671,37937,train,val,0.9753,True,
34070,37916,train,train,0.9751,False,
34855,37112,val,train,0.9750,True,
29040,35756,train,val,0.9748,True,
33623,33407,train,train,0.9747,False,
31995,32455,train,val,0.9740,True,
37112,37160,train,train,0.9738,False,
37811,34855,train,val,0.9737,True,
37811,34096,train,train,0.9735,False,
10367,9743,val,train,0.9735,True,
37879,37112,val,train,0.9731,True,
31591,30317,train,val,0.9731,True,
34855,37915,val,train,0.9731,True,
37776,34872,train,train,0.9729,False,
37811,37160,train,train,0.9729,False,
34096,37915,train,train,0.9729,False,
33377,35306,train,train,0.9728,False,
33388,35306,train,train,0.9728,False,
33993,35306,val,train,0.9728,True,
36895,35306,train,train,0.9728,False,
34796,35306,train,train,0.9728,False,
34671,37160,train,train,0.9726,False,
37776,37811,train,train,0.9725,False,
21812,21847,train,val,0.9724,True,
28845,27715,train,train,0.9724,False,
37776,34671,train,train,0.9721,False,
34096,37160,train,train,0.9720,False,
37818,37769,train,val,0.9713,True,
37112,37915,train,train,0.9707,False,
34872,37915,train,train,0.9707,False,
34070,37937,train,val,0.9704,True,
13627,14402,train,train,0.9700,False,
33421,34096,train,train,0.9699,False,
37776,37112,train,train,0.9696,False,
92086,92102,test,test,0.9694,False,
34096,37159,train,val,0.9693,True,
37879,37916,val,train,0.9693,True,
34697,37921,train,train,0.9692,False,
31462,30549,train,train,0.9690,False,
34872,37937,train,val,0.9682,True,
37157,37601,train,train,0.9682,False,
28384,31935,val,train,0.9681,True,
35885,36372,train,train,0.9679,False,
33995,33631,train,train,0.9679,False,
35397,35446,train,train,0.9678,False,
34070,34671,train,train,0.9676,False,
34168,36936,train,train,0.9675,False,
34168,37832,train,train,0.9675,False,
34168,38081,train,train,0.9675,False,
36936,34475,train,train,0.9675,False,
37832,34475,train,train,0.9675,False,
38081,34475,train,train,0.9675,False,
34777,37897,train,train,0.9674,False,
35305,37897,val,train,0.9674,True,
37897,34196,train,train,0.9674,False,
37897,34865,train,train,0.9674,False,
37897,36328,train,val,0.9674,True,
37764,37766,val,train,0.9674,True,
37156,37600,train,train,0.9668,False,
27594,29734,train,train,0.9668,False,
27594,30473,train,train,0.9668,False,
27594,30573,train,train,0.9668,False,
27594,34205,train,train,0.9668,False,
27594,34675,train,train,0.9668,False,
27594,35239,train,train,0.9668,False,
27594,36118,train,train,0.9668,False,
27594,27681,train,val,0.9668,True,
27594,28423,train,train,0.9668,False,
27594,31191,train,val,0.9668,True,
27594,32570,train,train,0.9668,False,
27594,32683,train,train,0.9668,False,
27594,33992,train,train,0.9668,False,
27594,34478,train,train,0.9668,False,
27594,36111,train,train,0.9668,False,
27594,31120,train,train,0.9668,False,
27594,36562,train,train,0.9668,False,
34070,34096,train,train,0.9667,False,
28264,27477,val,train,0.9662,True,
37811,37159,train,val,0.9658,True,
37766,37767,train,train,0.9657,False,
34671,37159,train,val,0.9655,True,
34842,37816,val,train,0.9652,True,
36689,37816,train,train,0.9652,False,
37127,37816,train,train,0.9652,False,
34190,37816,train,train,0.9652,False,
34169,36937,train,train,0.9652,False,
34169,37660,train,train,0.9652,False,
34169,38329,train,train,0.9652,False,
34680,36937,train,train,0.9652,False,
34680,37660,train,train,0.9652,False,
34680,38329,train,train,0.9652,False,
35242,36937,train,train,0.9652,False,
35242,37660,train,train,0.9652,False,
35242,38329,train,train,0.9652,False,
36937,34476,train,train,0.9652,False,
37660,34476,train,train,0.9652,False,
38329,34476,train,train,0.9652,False,
34070,37112,train,train,0.9651,False,
27822,27329,train,train,0.9649,False,
27822,27322,train,train,0.9649,False,
28267,27329,train,train,0.9649,False,
28267,27322,train,train,0.9649,False,
32439,27329,train,train,0.9649,False,
32439,27322,train,train,0.9649,False,
34198,27329,val,train,0.9649,True,
34198,27322,val,train,0.9649,True,
34838,27329,train,train,0.9649,False,
34838,27322,train,train,0.9649,False,
34843,27329,train,train,0.9649,False,
34843,27322,train,train,0.9649,False,
35614,27329,val,train,0.9649,True,
35614,27322,val,train,0.9649,True,
35751,27329,train,train,0.9649,False,
35751,27322,train,train,0.9649,False,
35755,27329,val,train,0.9649,True,
35755,27322,val,train,0.9649,True,
35770,27329,train,train,0.9649,False,
35770,27322,train,train,0.9649,False,
35772,27329,train,train,0.9649,False,
35772,27322,train,train,0.9649,False,
36285,27329,train,train,0.9649,False,
36285,27322,train,train,0.9649,False,
36926,27329,train,train,0.9649,False,
36926,27322,train,train,0.9649,False,
27329,27674,train,val,0.9649,True,
27329,28438,train,train,0.9649,False,
27329,30350,train,train,0.9649,False,
27329,34200,train,train,0.9649,False,
27329,34209,train,train,0.9649,False,
27329,30682,train,val,0.9649,True,
27329,32440,train,val,0.9649,True,
27674,27322,val,train,0.9649,True,
28438,27322,train,train,0.9649,False,
30350,27322,train,train,0.9649,False,
34200,27322,train,train,0.9649,False,
34209,27322,train,train,0.9649,False,
27322,30682,train,val,0.9649,True,
27322,32440,train,val,0.9649,True,
37747,37766,train,train,0.9648,False,
34096,34872,train,train,0.9645,False,
36688,36035,train,train,0.9645,False,
37811,34070,train,train,0.9645,False,
27142,32098,train,train,0.9644,False,
30275,32098,train,train,0.9644,False,
32098,34911,train,train,0.9644,False,
34855,37160,val,train,0.9643,True,
33521,36934,train,train,0.9643,False,
36934,34167,train,train,0.9643,False,
34872,37916,train,train,0.9640,False,
37776,34855,train,val,0.9639,True,
33878,28097,train,train,0.9635,False,
27604,31513,train,train,0.9633,False,
31513,27616,train,train,0.9633,False,
35400,35446,train,train,0.9631,False,
34768,37987,train,train,0.9631,False,
37987,33624,train,train,0.9631,False,
37987,34904,train,train,0.9631,False,
34872,37112,train,train,0.9629,False,
38211,27680,train,train,0.9629,False,
84245,89892,test,test,0.9629,False,
28729,34085,train,train,0.9627,False,
37112,37159,train,val,0.9627,True,
37879,37915,val,train,0.9625,True,
33397,36941,train,train,0.9625,False,
31187,27506,train,val,0.9624,True,
34785,27506,train,val,0.9624,True,
27506,28336,val,val,0.9624,False,
27506,31742,val,val,0.9624,False,
27506,32540,val,train,0.9624,True,
28411,26834,val,val,0.9623,False,
27537,28383,train,train,0.9623,False,
38020,34188,train,train,0.9618,False,
34188,38013,train,train,0.9618,False,
36237,37599,train,train,0.9617,False,
37599,34114,train,train,0.9617,False,
16205,6974,train,train,0.9617,False,
34686,35150,train,train,0.9617,False,
33421,34872,train,train,0.9609,False,
66505,66769,test,test,0.9606,False,
92086,92097,test,test,0.9606,False,
70661,74821,test,test,0.9605,False,
35296,38022,train,train,0.9603,False,
35296,38023,train,train,0.9603,False,
35296,38009,train,train,0.9603,False,
35296,38010,train,train,0.9603,False,
38022,34179,train,train,0.9603,False,
38023,34179,train,train,0.9603,False,
34179,38009,train,train,0.9603,False,
34179,38010,train,train,0.9603,False,
36804,33636,val,train,0.9603,True,
28411,26509,val,train,0.9602,True,
27320,34183,train,train,0.9601,False,
28492,33313,val,train,0.9599,True,
28064,34036,train,train,0.9596,False,
34690,37430,train,train,0.9595,False,
34690,37970,train,train,0.9595,False,
37045,37430,train,train,0.9595,False,
37045,37970,train,train,0.9595,False,
37430,34193,train,train,0.9595,False,
34193,37970,train,train,0.9595,False,
34070,34855,train,val,0.9594,True,
92086,92087,test,test,0.9593,False,
34736,34875,train,train,0.9593,False,
37817,34192,val,train,0.9593,True,
37861,34192,train,train,0.9593,False,
37988,34192,train,train,0.9593,False,
34171,36943,train,train,0.9590,False,
34171,38046,train,train,0.9590,False,
34171,38070,train,train,0.9590,False,
36906,36943,train,train,0.9590,False,
36906,38046,train,train,0.9590,False,
36906,38070,train,train,0.9590,False,
36943,34479,train,val,0.9590,True,
38046,34479,train,val,0.9590,True,
38070,34479,train,val,0.9590,True,
37879,34855,val,val,0.9589,False,
34585,34383,train,train,0.9584,False,
37811,37879,train,val,0.9584,True,
34792,36944,train,train,0.9582,False,
34792,37115,train,train,0.9582,False,
34792,38018,train,train,0.9582,False,
34792,38099,train,train,0.9582,False,
34889,36944,val,train,0.9582,True,
34889,37115,val,train,0.9582,True,
34889,38018,val,train,0.9582,True,
34889,38099,val,train,0.9582,True,
36944,34186,train,train,0.9582,False,
36944,34480,train,train,0.9582,False,
37115,34186,train,train,0.9582,False,
37115,34480,train,train,0.9582,False,
38018,34186,train,train,0.9582,False,
38018,34480,train,train,0.9582,False,
38099,34186,train,train,0.9582,False,
38099,34480,train,train,0.9582,False,
92087,92097,test,test,0.9581,False,
27517,30052,train,train,0.9581,False,
27517,32641,train,train,0.9581,False,
27517,32757,train,train,0.9581,False,
27517,32857,train,val,0.9581,True,
27517,34913,train,train,0.9581,False,
27517,28295,train,train,0.9581,False,
27517,30761,train,train,0.9581,False,
27517,30775,train,train,0.9581,False,
27517,31492,train,val,0.9581,True,
27517,32943,train,val,0.9581,True,
27517,34477,train,train,0.9581,False,
27517,30578,train,train,0.9581,False,
27517,31131,train,train,0.9581,False,
27517,33991,train,val,0.9581,True,
27517,35872,train,train,0.9581,False,
37879,34671,val,train,0.9581,True,
34173,36946,train,train,0.9580,False,
34173,37034,train,val,0.9580,True,
36946,34481,train,train,0.9580,False,
36946,34863,train,val,0.9580,True,
37034,34481,val,train,0.9580,True,
37034,34863,val,val,0.9580,False,
34855,37159,val,val,0.9572,False,
36276,32467,train,train,0.9572,False,
38024,33560,train,train,0.9570,False,
38024,34670,train,train,0.9570,False,
33560,38014,train,train,0.9570,False,
34670,38014,train,train,0.9570,False,
37153,34194,train,train,0.9569,False,
37172,36631,train,train,0.9569,False,
35570,36945,train,val,0.9568,True,
36254,36945,train,val,0.9568,True,
36945,34172,val,train,0.9568,True,
36945,35768,val,val,0.9568,False,
38293,29647,val,train,0.9567,True,
35780,38017,train,train,0.9566,False,
35780,38016,train,train,0.9566,False,
35780,38027,train,train,0.9566,False,
35780,38029,train,val,0.9566,True,
35853,37588,val,train,0.9566,True,
35853,38073,val,val,0.9566,False,
36383,37588,train,train,0.9566,False,
36383,38073,train,val,0.9566,True,
36414,37588,train,train,0.9566,False,
36414,38073,train,val,0.9566,True,
37403,37588,val,train,0.9566,True,
37403,38073,val,val,0.9566,False,
37406,37588,val,train,0.9566,True,
37406,38073,val,val,0.9566,False,
37588,32828,train,val,0.9566,True,
37588,34164,train,val,0.9566,True,
37588,37340,train,train,0.9566,False,
37588,35257,train,train,0.9566,False,
37588,35564,train,train,0.9566,False,
37588,35735,train,train,0.9566,False,
37588,36151,train,val,0.9566,True,
37588,36454,train,train,0.9566,False,
32828,38073,val,val,0.9566,False,
34164,38073,val,val,0.9566,False,
37340,38073,train,val,0.9566,True,
35257,38073,train,val,0.9566,True,
35564,38073,train,val,0.9566,True,
35735,38073,train,val,0.9566,True,
36151,38073,val,val,0.9566,False,
36454,38073,train,val,0.9566,True,
34671,34872,train,train,0.9565,False,
83529,73884,test,test,0.9564,False,
38201,37101,train,val,0.9563,True,
33421,34855,train,val,0.9560,True,
34201,36961,train,train,0.9559,False,
34201,37000,train,train,0.9559,False,
34622,36961,train,train,0.9559,False,
34622,37000,train,train,0.9559,False,
34706,36961,train,train,0.9559,False,
34706,37000,train,train,0.9559,False,
34932,36961,train,train,0.9559,False,
34932,37000,train,train,0.9559,False,
36406,36961,val,train,0.9559,True,
36406,37000,val,train,0.9559,True,
36433,36961,train,train,0.9559,False,
36433,37000,train,train,0.9559,False,
36687,36961,train,train,0.9559,False,
36687,37000,train,train,0.9559,False,
36961,32441,train,train,0.9559,False,
36961,33858,train,train,0.9559,False,
36961,35011,train,train,0.9559,False,
37000,32441,train,train,0.9559,False,
37000,33858,train,train,0.9559,False,
37000,35011,train,train,0.9559,False,
37776,33421,train,train,0.9557,False,
33741,36958,train,train,0.9556,False,
33741,38162,train,val,0.9556,True,
34178,36958,train,train,0.9556,False,
34178,38162,train,val,0.9556,True,
34701,36958,train,train,0.9556,False,
34701,38162,train,val,0.9556,True,
36907,36958,train,train,0.9556,False,
36907,38162,train,val,0.9556,True,
34191,37581,train,train,0.9556,False,
34191,38025,train,train,0.9556,False,
34191,38011,train,train,0.9556,False,
34880,37581,train,train,0.9556,False,
34880,38025,train,train,0.9556,False,
34880,38011,train,train,0.9556,False,
37581,33742,train,train,0.9556,False,
37581,34499,train,train,0.9556,False,
38025,33742,train,train,0.9556,False,
38025,34499,train,train,0.9556,False,
33742,38011,train,train,0.9556,False,
34499,38011,train,train,0.9556,False,
36787,37993,val,val,0.9552,False,
36787,37170,val,train,0.9552,True,
37993,28413,val,val,0.9552,False,
37993,30066,val,val,0.9552,False,
37993,31855,val,train,0.9552,True,
28413,37170,val,train,0.9552,True,
30066,37170,val,train,0.9552,True,
31855,37170,train,train,0.9552,False,
86873,90761,test,test,0.9552,False,
37879,33421,val,train,0.9548,True,
34176,36956,train,train,0.9539,False,
34176,37782,train,train,0.9539,False,
34564,36956,train,train,0.9539,False,
34564,37782,train,train,0.9539,False,
34878,36956,val,train,0.9539,True,
34878,37782,val,train,0.9539,True,
35178,36956,train,train,0.9539,False,
35178,37782,train,train,0.9539,False,
35357,36956,train,train,0.9539,False,
35357,37782,train,train,0.9539,False,
35869,36956,train,train,0.9539,False,
35869,37782,train,train,0.9539,False,
34189,38021,train,train,0.9539,False,
34189,38008,train,train,0.9539,False,
35801,38021,train,train,0.9539,False,
35801,38008,train,train,0.9539,False,
35847,38021,train,train,0.9539,False,
35847,38008,train,train,0.9539,False,
38021,34208,train,train,0.9539,False,
34208,38008,train,train,0.9539,False,
6451,6690,train,train,0.9539,False,
36553,37344,train,train,0.9537,False,
37760,37764,train,val,0.9536,True,
37811,34872,train,train,0.9533,False,
10795,11901,val,train,0.9531,True,
36947,34174,train,train,0.9530,False,
34184,36935,train,train,0.9530,False,
35769,36935,val,train,0.9530,True,
36935,34116,train,train,0.9530,False,
37760,37762,train,val,0.9530,True,
34774,28293,train,train,0.9528,False,
37053,33482,val,train,0.9526,True,
36473,36422,val,train,0.9524,True,
35759,36942,train,train,0.9522,False,
35759,37631,train,train,0.9522,False,
35759,38045,train,train,0.9522,False,
36942,34185,train,train,0.9522,False,
37631,34185,train,train,0.9522,False,
38045,34185,train,train,0.9522,False,
92087,92103,test,test,0.9521,False,
33406,35150,train,train,0.9520,False,
33649,27156,train,train,0.9520,False,
36940,34078,train,train,0.9519,False,
36940,34656,train,train,0.9519,False,
34078,37143,train,val,0.9519,True,
34656,37143,train,val,0.9519,True,
3686,4127,train,train,0.9517,False,
33421,37160,train,train,0.9517,False,
92084,92087,test,test,0.9516,False,
34837,36931,train,train,0.9515,False,
34837,37025,train,val,0.9515,True,
34912,36931,train,train,0.9515,False,
34912,37025,train,val,0.9515,True,
36931,34165,train,train,0.9515,False,
34165,37025,train,val,0.9515,True,
21838,21846,train,train,0.9511,False,
33421,37937,train,val,0.9511,True,
27662,29820,train,train,0.9511,False,
32074,32078,train,train,0.9507,False,
34823,36938,train,train,0.9506,False,
34823,37168,train,train,0.9506,False,
34823,37930,train,train,0.9506,False,
34823,38066,train,train,0.9506,False,
36938,34155,train,train,0.9506,False,
36938,35006,train,train,0.9506,False,
37168,34155,train,train,0.9506,False,
37168,35006,train,train,0.9506,False,
37930,34155,train,train,0.9506,False,
37930,35006,train,train,0.9506,False,
38066,34155,train,train,0.9506,False,
38066,35006,train,train,0.9506,False,
33738,36939,train,train,0.9506,False,
34815,36939,train,train,0.9506,False,
35754,36939,val,train,0.9506,True,
36939,34170,train,train,0.9506,False,
92086,92101,test,test,0.9505,False,
34795,37058,train,train,0.9504,False,
34118,37058,train,train,0.9504,False,
14384,22676,train,train,0.9504,False,
92093,92086,test,test,0.9503,False,
29816,30018,train,val,0.9499,True,
33739,38263,train,val,0.9498,True,
33739,36954,train,train,0.9498,False,
34175,38263,train,val,0.9498,True,
34175,36954,train,train,0.9498,False,
35575,38263,val,val,0.9498,False,
35575,36954,val,train,0.9498,True,
36452,38263,train,val,0.9498,True,
36452,36954,train,train,0.9498,False,
38263,34231,val,train,0.9498,True,
34231,36954,train,train,0.9498,False,
37975,34686,train,train,0.9497,False,
37764,37767,val,train,0.9495,True,
36317,37147,val,train,0.9495,True,
37178,34682,train,train,0.9494,False,
37848,34682,val,train,0.9494,True,
34682,37895,train,train,0.9494,False,
34682,37947,train,val,0.9494,True,
92097,92101,test,test,0.9493,False,
33421,37159,train,val,0.9491,True,
31591,29770,train,train,0.9490,False,
28106,37482,train,train,0.9487,False,
36846,38015,train,train,0.9486,False,
38015,34665,train,train,0.9486,False,
37044,38060,train,val,0.9485,True,
33399,38060,train,val,0.9485,True,
34087,38060,train,val,0.9485,True,
29734,36861,train,val,0.9483,True,
29734,36874,train,train,0.9483,False,
29734,37602,train,val,0.9483,True,
29734,38044,train,val,0.9483,True,
30473,36861,train,val,0.9483,True,
30473,36874,train,train,0.9483,False,
30473,37602,train,val,0.9483,True,
30473,38044,train,val,0.9483,True,
30573,36861,train,val,0.9483,True,
30573,36874,train,train,0.9483,False,
30573,37602,train,val,0.9483,True,
30573,38044,train,val,0.9483,True,
34205,36861,train,val,0.9483,True,
34205,36874,train,train,0.9483,False,
34205,37602,train,val,0.9483,True,
34205,38044,train,val,0.9483,True,
34675,36861,train,val,0.9483,True,
34675,36874,train,train,0.9483,False,
34675,37602,train,val,0.9483,True,
34675,38044,train,val,0.9483,True,
35239,36861,train,val,0.9483,True,
35239,36874,train,train,0.9483,False,
35239,37602,train,val,0.9483,True,
35239,38044,train,val,0.9483,True,
36118,36861,train,val,0.9483,True,
36118,36874,train,train,0.9483,False,
36118,37602,train,val,0.9483,True,
36118,38044,train,val,0.9483,True,
36861,27681,val,val,0.9483,False,
36861,28423,val,train,0.9483,True,
36861,31191,val,val,0.9483,False,
36861,32570,val,train,0.9483,True,
36861,32683,val,train,0.9483,True,
36861,33992,val,train,0.9483,True,
36861,34478,val,train,0.9483,True,
36861,36111,val,train,0.9483,True,
36861,31120,val,train,0.9483,True,
36861,36562,val,train,0.9483,True,
36874,27681,train,val,0.9483,True,
36874,28423,train,train,0.9483,False,
36874,31191,train,val,0.9483,True,
36874,32570,train,train,0.9483,False,
36874,32683,train,train,0.9483,False,
36874,33992,train,train,0.9483,False,
36874,34478,train,train,0.9483,False,
36874,36111,train,train,0.9483,False,
36874,31120,train,train,0.9483,False,
36874,36562,train,train,0.9483,False,
37602,27681,val,val,0.9483,False,
37602,28423,val,train,0.9483,True,
37602,31191,val,val,0.9483,False,
37602,32570,val,train,0.9483,True,
37602,32683,val,train,0.9483,True,
37602,33992,val,train,0.9483,True,
37602,34478,val,train,0.9483,True,
37602,36111,val,train,0.9483,True,
37602,31120,val,train,0.9483,True,
37602,36562,val,train,0.9483,True,
38044,27681,val,val,0.9483,False,
38044,28423,val,train,0.9483,True,
38044,31191,val,val,0.9483,False,
38044,32570,val,train,0.9483,True,
38044,32683,val,train,0.9483,True,
38044,33992,val,train,0.9483,True,
38044,34478,val,train,0.9483,True,
38044,36111,val,train,0.9483,True,
38044,31120,val,train,0.9483,True,
38044,36562,val,train,0.9483,True,
92087,92101,test,test,0.9481,False,
34684,36953,train,train,0.9478,False,
34684,37339,train,train,0.9478,False,
34684,38042,train,train,0.9478,False,
34684,38055,train,train,0.9478,False,
36953,33603,train,train,0.9478,False,
36953,34187,train,train,0.9478,False,
37339,33603,train,train,0.9478,False,
37339,34187,train,train,0.9478,False,
38042,33603,train,train,0.9478,False,
38042,34187,train,train,0.9478,False,
38055,33603,train,train,0.9478,False,
38055,34187,train,train,0.9478,False,
33315,33316,train,train,0.9478,False,
92085,92086,test,test,0.9475,False,
33507,27620,train,train,0.9473,False,
34757,27620,train,train,0.9473,False,
35169,27620,train,train,0.9473,False,
27620,28013,train,train,0.9473,False,
27620,31570,train,train,0.9473,False,
27620,34182,train,train,0.9473,False,
33740,36957,val,val,0.9471,False,
34177,36957,train,val,0.9471,True,
34716,36957,train,val,0.9471,True,
36957,34388,val,train,0.9471,True,
37755,37754,train,train,0.9469,False,
33421,34070,train,train,0.9467,False,
31539,31888,train,train,0.9466,False,
37747,37764,train,val,0.9465,True,
31350,30342,val,train,0.9465,True,
92085,92097,test,test,0.9463,False,
33022,31262,train,val,0.9458,True,
31262,32770,val,train,0.9458,True,
93536,93740,test,test,0.9457,False,
27822,36959,train,val,0.9455,True,
27822,36960,train,val,0.9455,True,
27822,37116,train,train,0.9455,False,
27822,37514,train,train,0.9455,False,
27822,38114,train,train,0.9455,False,
28267,36959,train,val,0.9455,True,
28267,36960,train,val,0.9455,True,
28267,37116,train,train,0.9455,False,
28267,37514,train,train,0.9455,False,
28267,38114,train,train,0.9455,False,
32439,36959,train,val,0.9455,True,
32439,36960,train,val,0.9455,True,
32439,37116,train,train,0.9455,False,
32439,37514,train,train,0.9455,False,
32439,38114,train,train,0.9455,False,
34198,36959,val,val,0.9455,False,
34198,36960,val,val,0.9455,False,
34198,37116,val,train,0.9455,True,
34198,37514,val,train,0.9455,True,
34198,38114,val,train,0.9455,True,
34838,36959,train,val,0.9455,True,
34838,36960,train,val,0.9455,True,
34838,37116,train,train,0.9455,False,
34838,37514,train,train,0.9455,False,
34838,38114,train,train,0.9455,False,
34843,36959,train,val,0.9455,True,
34843,36960,train,val,0.9455,True,
34843,37116,train,train,0.9455,False,
34843,37514,train,train,0.9455,False,
34843,38114,train,train,0.9455,False,
35614,36959,val,val,0.9455,False,
35614,36960,val,val,0.9455,False,
35614,37116,val,train,0.9455,True,
35614,37514,val,train,0.9455,True,
35614,38114,val,train,0.9455,True,
35751,36959,train,val,0.9455,True,
35751,36960,train,val,0.9455,True,
35751,37116,train,train,0.9455,False,
35751,37514,train,train,0.9455,False,
35751,38114,train,train,0.9455,False,
35755,36959,val,val,0.9455,False,
35755,36960,val,val,0.9455,False,
35755,37116,val,train,0.9455,True,
35755,37514,val,train,0.9455,True,
35755,38114,val,train,0.9455,True,
35770,36959,train,val,0.9455,True,
35770,36960,train,val,0.9455,True,
35770,37116,train,train,0.9455,False,
35770,37514,train,train,0.9455,False,
35770,38114,train,train,0.9455,False,
35772,36959,train,val,0.9455,True,
35772,36960,train,val,0.9455,True,
35772,37116,train,train,0.9455,False,
35772,37514,train,train,0.9455,False,
35772,38114,train,train,0.9455,False,
36285,36959,train,val,0.9455,True,
36285,36960,train,val,0.9455,True,
36285,37116,train,train,0.9455,False,
36285,37514,train,train,0.9455,False,
36285,38114,train,train,0.9455,False,
36926,36959,train,val,0.9455,True,
36926,36960,train,val,0.9455,True,
36926,37116,train,train,0.9455,False,
36926,37514,train,train,0.9455,False,
36926,38114,train,train,0.9455,False,
36959,27674,val,val,0.9455,False,
36959,28438,val,train,0.9455,True,
36959,30350,val,train,0.9455,True,
36959,34200,val,train,0.9455,True,
36959,34209,val,train,0.9455,True,
36959,30682,val,val,0.9455,False,
36959,32440,val,val,0.9455,False,
36960,27674,val,val,0.9455,False,
36960,28438,val,train,0.9455,True,
36960,30350,val,train,0.9455,True,
36960,34200,val,train,0.9455,True,
36960,34209,val,train,0.9455,True,
36960,30682,val,val,0.9455,False,
36960,32440,val,val,0.9455,False,
37116,27674,train,val,0.9455,True,
37116,28438,train,train,0.9455,False,
37116,30350,train,train,0.9455,False,
37116,34200,train,train,0.9455,False,
37116,34209,train,train,0.9455,False,
37116,30682,train,val,0.9455,True,
37116,32440,train,val,0.9455,True,
37514,27674,train,val,0.9455,True,
37514,28438,train,train,0.9455,False,
37514,30350,train,train,0.9455,False,
37514,34200,train,train,0.9455,False,
37514,34209,train,train,0.9455,False,
37514,30682,train,val,0.9455,True,
37514,32440,train,val,0.9455,True,
38114,27674,train,val,0.9455,True,
38114,28438,train,train,0.9455,False,
38114,30350,train,train,0.9455,False,
38114,34200,train,train,0.9455,False,
38114,34209,train,train,0.9455,False,
38114,30682,train,val,0.9455,True,
38114,32440,train,val,0.9455,True,
36458,34816,train,train,0.9453,False,
14384,20336,train,train,0.9452,False,
92085,92087,test,test,0.9451,False,
33316,33317,train,train,0.9449,False,
92086,92098,test,test,0.9448,False,
31083,31962,train,train,0.9448,False,
33315,33317,train,train,0.9444,False,
34812,36929,train,train,0.9442,False,
34812,37213,train,train,0.9442,False,
35107,36929,val,train,0.9442,True,
35107,37213,val,train,0.9442,True,
36929,34115,train,train,0.9442,False,
34115,37213,train,train,0.9442,False,
28274,36930,val,train,0.9442,True,
28274,37437,val,train,0.9442,True,
32346,36930,val,train,0.9442,True,
32346,37437,val,train,0.9442,True,
36930,28306,train,train,0.9442,False,
36930,30303,train,train,0.9442,False,
37437,28306,train,train,0.9442,False,
37437,30303,train,train,0.9442,False,
34658,37500,train,train,0.9441,False,
92086,92088,test,test,0.9438,False,
17874,34206,train,train,0.9437,False,
92097,92098,test,test,0.9436,False,
37760,37766,train,train,0.9435,False,
17874,30132,train,train,0.9434,False,
33421,37916,train,train,0.9434,False,
34623,34713,train,val,0.9433,True,
31513,36932,train,train,0.9432,False,
31513,37425,train,train,0.9432,False,
31513,37960,train,val,0.9432,True,
31055,17874,val,train,0.9431,True,
17874,33627,train,train,0.9430,False,
37744,37760,train,train,0.9430,False,
28168,29656,val,train,0.9430,True,
17874,37456,train,train,0.9429,False,
17874,33415,train,val,0.9429,True,
17874,33725,train,train,0.9429,False,
43335,17874,train,train,0.9428,False,
17874,28416,train,val,0.9428,True,
92098,92099,test,test,0.9428,False,
37975,35150,train,train,0.9428,False,
36576,26139,train,val,0.9427,True,
29953,37469,val,train,0.9426,True,
92088,92097,test,test,0.9426,False,
92087,92098,test,test,0.9424,False,
17874,33423,train,train,0.9423,False,
37757,37760,train,train,0.9422,False,
28383,37931,train,train,0.9418,False,
28069,29656,val,train,0.9417,True,
36928,34181,train,train,0.9416,False,
36928,34673,train,train,0.9416,False,
37996,34181,train,train,0.9416,False,
37996,34673,train,train,0.9416,False,
34181,37256,train,train,0.9416,False,
34673,37256,train,train,0.9416,False,
34623,37241,train,train,0.9415,False,
92087,92088,test,test,0.9414,False,
26185,32098,train,train,0.9413,False,
92097,92102,test,test,0.9413,False,
27385,27388,train,val,0.9413,True,
92086,92099,test,test,0.9408,False,
31838,36787,val,val,0.9407,False,
31838,28413,val,val,0.9407,False,
31838,30066,val,val,0.9407,False,
31838,31855,val,train,0.9407,True,
37756,37757,train,train,0.9404,False,
92087,92102,test,test,0.9401,False,
37747,37767,train,train,0.9400,False,
30375,37575,train,val,0.9399,True,
32910,37575,val,val,0.9399,False,
32994,37575,train,val,0.9399,True,
34986,37575,val,val,0.9399,False,
28730,37575,train,val,0.9399,True,
30322,37575,val,val,0.9399,False,
30408,37575,train,val,0.9399,True,
30570,37575,train,val,0.9399,True,
32036,37575,train,val,0.9399,True,
34117,37575,train,val,0.9399,True,
35826,37575,val,val,0.9399,False,
37747,37760,train,train,0.9397,False,
92097,92099,test,test,0.9396,False,
37179,34686,train,train,0.9396,False,
31880,31850,train,train,0.9391,False,
31850,32028,train,train,0.9391,False,
34717,34816,val,train,0.9388,True,
37748,37907,train,train,0.9388,False,
33323,33324,train,train,0.9388,False,
37610,34183,train,train,0.9387,False,
34183,37409,train,train,0.9387,False,
34183,37956,train,val,0.9387,True,
92087,92099,test,test,0.9384,False,
37759,37924,train,train,0.9383,False,
33406,34686,train,train,0.9382,False,
17874,33479,train,train,0.9381,False,
37053,37921,val,train,0.9380,True,
10768,9843,val,train,0.9379,True,
33421,37112,train,train,0.9378,False,
32669,36842,val,val,0.9377,False,
73105,62267,test,train,0.9376,True,ignore
36266,36326,val,train,0.9375,True,
35304,37852,train,train,0.9375,False,
35304,38019,train,train,0.9375,False,
35304,37184,train,train,0.9375,False,
35304,38007,train,train,0.9375,False,
37050,37852,val,train,0.9375,True,
37050,38019,val,train,0.9375,True,
37050,37184,val,train,0.9375,True,
37050,38007,val,train,0.9375,True,
37110,37852,val,train,0.9375,True,
37110,38019,val,train,0.9375,True,
37110,37184,val,train,0.9375,True,
37110,38007,val,train,0.9375,True,
37852,33537,train,train,0.9375,False,
37852,35004,train,val,0.9375,True,
38019,33537,train,train,0.9375,False,
38019,35004,train,val,0.9375,True,
33537,37184,train,train,0.9375,False,
33537,38007,train,train,0.9375,False,
37184,35004,train,val,0.9375,True,
35004,38007,val,train,0.9375,True,
28565,30072,train,train,0.9373,False,
33421,37915,train,train,0.9369,False,
31101,32059,train,train,0.9366,False,
31101,36896,train,val,0.9366,True,
31101,32437,train,train,0.9366,False,
92085,92101,test,test,0.9364,False,
37436,37919,val,train,0.9361,True,
33421,34671,train,train,0.9360,False,
26955,27673,train,train,0.9360,False,
37179,33406,train,train,0.9359,False,
30052,36860,train,train,0.9359,False,
30052,36875,train,train,0.9359,False,
30052,37204,train,train,0.9359,False,
32641,36860,train,train,0.9359,False,
32641,36875,train,train,0.9359,False,
32641,37204,train,train,0.9359,False,
32757,36860,train,train,0.9359,False,
32757,36875,train,train,0.9359,False,
32757,37204,train,train,0.9359,False,
32857,36860,val,train,0.9359,True,
32857,36875,val,train,0.9359,True,
32857,37204,val,train,0.9359,True,
34913,36860,train,train,0.9359,False,
34913,36875,train,train,0.9359,False,
34913,37204,train,train,0.9359,False,
36860,28295,train,train,0.9359,False,
36860,30761,train,train,0.9359,False,
36860,30775,train,train,0.9359,False,
36860,31492,train,val,0.9359,True,
36860,32943,train,val,0.9359,True,
36860,34477,train,train,0.9359,False,
36860,30578,train,train,0.9359,False,
36860,31131,train,train,0.9359,False,
36860,33991,train,val,0.9359,True,
36860,35872,train,train,0.9359,False,
36875,28295,train,train,0.9359,False,
36875,30761,train,train,0.9359,False,
36875,30775,train,train,0.9359,False,
36875,31492,train,val,0.9359,True,
36875,32943,train,val,0.9359,True,
36875,34477,train,train,0.9359,False,
36875,30578,train,train,0.9359,False,
36875,31131,train,train,0.9359,False,
36875,33991,train,val,0.9359,True,
36875,35872,train,train,0.9359,False,
37204,28295,train,train,0.9359,False,
37204,30761,train,train,0.9359,False,
37204,30775,train,train,0.9359,False,
37204,31492,train,val,0.9359,True,
37204,32943,train,val,0.9359,True,
37204,34477,train,train,0.9359,False,
37204,30578,train,train,0.9359,False,
37204,31131,train,train,0.9359,False,
37204,33991,train,val,0.9359,True,
37204,35872,train,train,0.9359,False,
28326,37587,train,train,0.9357,False,
29669,37587,train,train,0.9357,False,
31203,37587,val,train,0.9357,True,
31806,37587,train,train,0.9357,False,
32205,37587,train,train,0.9357,False,
33737,37587,train,train,0.9357,False,
34832,37587,val,train,0.9357,True,
36839,37587,train,train,0.9357,False,
36852,37587,train,train,0.9357,False,
37587,29327,train,train,0.9357,False,
37587,29753,train,train,0.9357,False,
37587,34163,train,train,0.9357,False,
37587,36381,train,val,0.9357,True,
37587,27849,train,train,0.9357,False,
37587,30093,train,train,0.9357,False,
24606,28063,train,val,0.9351,True,
26209,29227,train,train,0.9342,False,
37754,37760,train,train,0.9338,False,
37754,37756,train,train,0.9338,False,
92098,92101,test,test,0.9337,False,
37755,37757,train,train,0.9336,False,
37179,37975,train,train,0.9334,False,
27529,29820,train,train,0.9334,False,
37756,37760,train,train,0.9332,False,
92096,92098,test,test,0.9332,False,
33455,36933,train,train,0.9332,False,
33455,37062,train,train,0.9332,False,
36933,33771,train,train,0.9332,False,
36933,34075,train,train,0.9332,False,
36933,34903,train,train,0.9332,False,
37062,33771,train,train,0.9332,False,
37062,34075,train,train,0.9332,False,
37062,34903,train,train,0.9332,False,
31011,30524,train,train,0.9330,False,
90667,90668,test,test,0.9330,False,
37811,33421,train,train,0.9330,False,
37744,37757,train,train,0.9329,False,
92088,92101,test,test,0.9327,False,
34623,36890,train,train,0.9325,False,
34623,37012,train,train,0.9325,False,
35396,35441,train,train,0.9321,False,
37762,37766,val,train,0.9320,True,
8744,16673,val,train,0.9319,True,
34970,33631,val,train,0.9317,True,
92101,92102,test,test,0.9314,False,
37755,37760,train,train,0.9313,False,
92093,92102,test,test,0.9313,False,
92086,92096,test,test,0.9312,False,
37578,33722,train,train,0.9311,False,
27917,27660,train,train,0.9310,False,
31592,27660,train,train,0.9310,False,
27470,27233,train,train,0.9309,False,
92085,92098,test,test,0.9308,False,
33320,33322,val,train,0.9305,True,
92096,92097,test,test,0.9300,False,
92086,92090,test,test,0.9300,False,
92085,92088,test,test,0.9297,False,
92099,92101,test,test,0.9297,False,
31591,27669,train,train,0.9295,False,
34697,37053,train,val,0.9295,True,
74813,74814,test,test,0.9294,False,
92096,92099,test,test,0.9292,False,
37744,37756,train,train,0.9291,False,
92087,92096,test,test,0.9288,False,
92090,92097,test,test,0.9288,False,
92085,92102,test,test,0.9285,False,
34697,33482,train,train,0.9282,False,
37051,37172,train,train,0.9278,False,
92087,92090,test,test,0.9277,False,
33377,35441,train,train,0.9272,False,
33388,35441,train,train,0.9272,False,
33993,35441,val,train,0.9272,True,
36895,35441,train,train,0.9272,False,
34796,35441,train,train,0.9272,False,
92088,92098,test,test,0.9271,False,
92085,92099,test,test,0.9268,False,
37744,37767,train,train,0.9268,False,
19002,19229,train,val,0.9267,True,
27773,28327,train,val,0.9266,True,
28576,28327,val,val,0.9266,False,
28100,33072,train,train,0.9266,False,
20336,22676,train,train,0.9263,False,
37757,37762,train,val,0.9260,True,
92098,92102,test,test,0.9258,False,
29659,30072,train,train,0.9258,False,
37744,37762,train,val,0.9254,True,
37975,33406,train,train,0.9254,False,
37764,37117,val,train,0.9254,True,
37754,37757,train,train,0.9253,False,
37762,37764,val,val,0.9252,False,
36913,36288,train,val,0.9249,True,
92088,92102,test,test,0.9248,False,
32505,27662,train,train,0.9246,False,
92095,92098,test,test,0.9246,False,
27662,31971,train,train,0.9246,False,
31011,31743,train,val,0.9245,True,
28427,32954,train,val,0.9243,True,
32753,34676,val,train,0.9241,True,
28010,28427,train,train,0.9240,False,
33895,33904,train,train,0.9239,False,
55190,56078,train,val,0.9238,True,
27529,27635,train,train,0.9237,False,
34121,34875,train,train,0.9236,False,
92086,92103,test,test,0.9236,False,
31043,30523,train,val,0.9233,True,
31236,30523,train,val,0.9233,True,
30523,31041,val,train,0.9233,True,
28565,29659,train,train,0.9233,False,
92088,92099,test,test,0.9232,False,
92084,92086,test,test,0.9231,False,
31738,34709,train,train,0.9228,False,
37760,37767,train,train,0.9228,False,
92093,92097,test,test,0.9227,False,
37755,37762,train,val,0.9227,True,
92086,92095,test,test,0.9226,False,
92097,92103,test,test,0.9224,False,
28399,31503,train,train,0.9224,False,
34354,26224,val,train,0.9223,True,
37755,37756,train,train,0.9222,False,
92084,92097,test,test,0.9219,False,
92099,92102,test,test,0.9219,False,
82298,93028,test,test,0.9218,False,
92093,92087,test,test,0.9216,False,
92095,92097,test,test,0.9214,False,
21814,21828,train,train,0.9213,False,
21828,21848,train,train,0.9213,False,
30317,29770,val,train,0.9213,True,
23533,23372,train,train,0.9212,False,
36278,32684,train,train,0.9210,False,
37744,37755,train,train,0.9210,False,
30335,30714,train,val,0.9207,True,
30187,35845,train,train,0.9207,False,
30187,35293,train,val,0.9207,True,
92095,92099,test,test,0.9206,False,
23533,29975,train,train,0.9206,False,
92103,92105,test,test,0.9204,False,
92087,92095,test,test,0.9203,False,
92096,92101,test,test,0.9202,False,
37744,37754,train,train,0.9202,False,
37762,37767,val,train,0.9202,True,
18928,19229,train,val,0.9200,True,
30978,30525,train,train,0.9198,False,
33997,32954,val,val,0.9197,False,
32505,29820,train,train,0.9193,False,
29820,31971,train,train,0.9192,False,
92090,92101,test,test,0.9191,False,
92086,92091,test,test,0.9182,False,
33997,37952,val,val,0.9181,False,
55190,56090,train,train,0.9175,False,
30430,29751,train,train,0.9174,False,
92085,92096,test,test,0.9174,False,
89892,89893,test,test,0.9173,False,
92091,92097,test,test,0.9171,False,
28257,29159,train,train,0.9170,False,
92086,92092,test,test,0.9168,False,
33482,37921,train,train,0.9167,False,
37744,37766,train,train,0.9166,False,
30388,34331,train,train,0.9166,False,
92086,92105,test,test,0.9164,False,
27594,36861,train,val,0.9163,True,
27594,36874,train,train,0.9163,False,
27594,37602,train,val,0.9163,True,
27594,38044,train,val,0.9163,True,
92085,92090,test,test,0.9162,False,
92084,92103,test,test,0.9161,False,
35589,33904,train,train,0.9160,False,
92087,92091,test,test,0.9159,False,
36408,26126,train,train,0.9159,False,
37756,37762,train,val,0.9159,True,
92092,92097,test,test,0.9157,False,
36326,37877,train,val,0.9156,True,
32505,31971,train,train,0.9153,False,
92097,92105,test,test,0.9153,False,
27669,30317,train,val,0.9152,True,
28142,29259,val,train,0.9151,True,
29256,30072,train,train,0.9150,False,
32959,30519,train,train,0.9148,False,
32974,32715,train,train,0.9146,False,
126812,126813,test,test,0.9146,False,
92087,92092,test,test,0.9145,False,
37735,37924,val,train,0.9144,True,
37757,37766,train,train,0.9143,False,
37754,37762,train,val,0.9143,True,
92087,92105,test,test,0.9141,False,
92088,92096,test,test,0.9138,False,
92090,92098,test,test,0.9136,False,
29834,29149,train,train,0.9132,False,
34331,29559,train,train,0.9132,False,
37948,32684,val,train,0.9131,True,
92093,92101,test,test,0.9130,False,
92101,92103,test,test,0.9127,False,
29256,29659,train,train,0.9127,False,
30388,35337,train,train,0.9127,False,
92088,92090,test,test,0.9126,False,
28010,33997,train,val,0.9125,True,
28565,29256,train,train,0.9125,False,
92096,92102,test,test,0.9125,False,
29072,28437,train,train,0.9123,False,
92084,92101,test,test,0.9122,False,
33995,34970,train,val,0.9120,True,
36959,27329,val,train,0.9119,True,
36959,27322,val,train,0.9119,True,
36960,27329,val,train,0.9119,True,
36960,27322,val,train,0.9119,True,
37116,27329,train,train,0.9119,False,
37116,27322,train,train,0.9119,False,
37514,27329,train,train,0.9119,False,
37514,27322,train,train,0.9119,False,
38114,27329,train,train,0.9119,False,
38114,27322,train,train,0.9119,False,
92095,92101,test,test,0.9118,False,
37766,37117,train,train,0.9118,False,
34799,37877,train,val,0.9116,True,
37952,28427,val,train,0.9114,True,
37734,37764,val,val,0.9113,False,
28880,29084,val,train,0.9113,True,
92090,92102,test,test,0.9113,False,
34035,35399,val,val,0.9113,False,
92095,92096,test,test,0.9112,False,
36109,36165,train,train,0.9111,False,
37106,37921,train,train,0.9109,False,
34798,34655,train,train,0.9107,False,
28565,28825,train,train,0.9104,False,
37179,38034,train,train,0.9104,False,
37741,37742,train,train,0.9103,False,
37741,37901,train,train,0.9103,False,
37743,37742,train,train,0.9103,False,
37743,37901,train,train,0.9103,False,
37742,37899,train,train,0.9103,False,
37742,37980,train,train,0.9103,False,
37742,38005,train,val,0.9103,True,
37742,37981,train,val,0.9103,True,
37899,37901,train,train,0.9103,False,
37901,37980,train,train,0.9103,False,
37901,38005,train,val,0.9103,True,
37901,37981,train,val,0.9103,True,
33882,33874,train,val,0.9103,True,
66544,66543,test,test,0.9103,False,
92093,92085,test,test,0.9102,False,
37053,37975,val,train,0.9100,True,
37744,37764,train,val,0.9099,True,
92085,92103,test,test,0.9099,False,
56242,56243,val,train,0.9098,True,
92090,92099,test,test,0.9097,False,
92086,92089,test,test,0.9096,False,
92084,92085,test,test,0.9094,False,
38209,28384,train,val,0.9093,True,
29559,35337,train,train,0.9093,False,
36266,37877,val,val,0.9091,False,
28010,32954,train,val,0.9090,True,
92085,92095,test,test,0.9089,False,
30157,30175,train,train,0.9089,False,
37747,37117,train,train,0.9087,False,
32505,34221,train,train,0.9087,False,
32980,37814,val,train,0.9087,True,
37814,27920,train,train,0.9087,False,
92089,92097,test,test,0.9084,False,
37757,37767,train,train,0.9081,False,
4717,4127,val,train,0.9081,True,
27604,36932,train,train,0.9080,False,
27604,37425,train,train,0.9080,False,
27604,37960,train,val,0.9080,True,
36932,27616,train,train,0.9080,False,
37425,27616,train,train,0.9080,False,
37960,27616,val,train,0.9080,True,
34654,33256,train,train,0.9079,False,
36952,37893,train,val,0.9077,True,
101951,111972,test,test,0.9077,False,
92093,92098,test,test,0.9076,False,
92091,92101,test,test,0.9075,False,
34247,34122,val,train,0.9074,True,
92098,92103,test,test,0.9073,False,
92087,92089,test,test,0.9073,False,
27529,32505,train,train,0.9071,False,
27529,31971,train,train,0.9071,False,
55192,56080,train,train,0.9070,False,
92084,92098,test,test,0.9068,False,
37747,37762,train,val,0.9068,True,
67670,63030,test,train,0.9067,True,ignore
27635,27662,train,train,0.9067,False,
92093,92088,test,test,0.9066,False,
37924,37928,train,val,0.9065,True,
37767,37117,train,train,0.9064,False,
27917,31591,train,train,0.9064,False,
31591,31592,train,train,0.9064,False,
92088,92103,test,test,0.9063,False,
34035,32942,val,train,0.9063,True,
37906,37924,train,train,0.9061,False,
92092,92101,test,test,0.9061,False,
32971,32972,train,train,0.9060,False,
27691,30689,train,val,0.9060,True,
92084,92088,test,test,0.9058,False,
27537,37931,train,train,0.9057,False,
37757,37764,train,val,0.9057,True,
92101,92105,test,test,0.9056,False,
37744,37747,train,train,0.9056,False,
27660,27669,train,train,0.9056,False,
92088,92095,test,test,0.9053,False,
92102,92103,test,test,0.9050,False,
28825,30072,train,train,0.9049,False,
10119,10123,train,train,0.9048,False,
92085,92091,test,test,0.9046,False,
33994,32942,val,train,0.9046,True,
92084,92102,test,test,0.9045,False,
28768,32642,val,train,0.9045,True,
37754,37764,train,val,0.9045,True,
37975,33482,train,train,0.9045,False,
78295,78296,test,test,0.9044,False,
37909,37917,train,train,0.9043,False,
32698,32710,val,train,0.9043,True,
37756,37766,train,train,0.9041,False,
92095,92102,test,test,0.9041,False,
92093,92099,test,test,0.9037,False,
33295,33327,train,train,0.9036,False,
33295,33325,train,train,0.9036,False,
33327,33302,train,train,0.9036,False,
33302,33325,train,train,0.9036,False,
37817,37993,val,val,0.9035,False,
37817,37170,val,train,0.9035,True,
37861,37993,train,val,0.9035,True,
37861,37170,train,train,0.9035,False,
37988,37993,train,val,0.9035,True,
37988,37170,train,train,0.9035,False,
92099,92103,test,test,0.9034,False,
92085,92092,test,test,0.9032,False,
92084,92099,test,test,0.9029,False,
92085,92105,test,test,0.9028,False,
92091,92098,test,test,0.9021,False,
37747,37757,train,train,0.9020,False,
34654,32692,train,train,0.9020,False,
27635,29820,train,train,0.9019,False,
28492,26135,val,train,0.9015,True,
70661,74661,test,test,0.9013,False,
36927,37105,train,train,0.9012,False,
92088,92091,test,test,0.9011,False,
63499,63500,train,train,0.9009,False,
31350,30335,val,train,0.9009,True,
36204,37748,train,train,0.9008,False,
37147,37344,train,train,0.9008,False,
37610,27320,train,train,0.9007,False,
27320,37409,train,train,0.9007,False,
27320,37956,train,val,0.9007,True,
92092,92098,test,test,0.9007,False,
35977,35981,train,train,0.9006,False,
37756,37764,train,val,0.9005,True,
35306,35441,train,train,0.9005,False,
92090,92096,test,test,0.9004,False,
56241,56243,train,train,0.9004,False,
115675,116492,test,test,0.9004,False,
27493,27317,train,train,0.9003,False,
92098,92105,test,test,0.9002,False,
28825,29256,train,train,0.9001,False,
36553,37147,train,train,0.9000,False,
88441,88475,test,test,0.8998,False,
21845,21847,train,val,0.8998,True,
92091,92102,test,test,0.8998,False,
33341,28900,val,val,0.8998,False,
28900,28998,val,train,0.8998,True,
37755,37764,train,val,0.8997,True,
92088,92092,test,test,0.8997,False,
37975,38034,train,train,0.8996,False,
74821,78901,test,test,0.8995,False,
36317,36553,val,train,0.8993,True,
92088,92105,test,test,0.8992,False,
31059,31097,train,train,0.8992,False,
37755,37766,train,train,0.8992,False,
37417,33730,train,train,0.8990,False,
36956,37737,train,train,0.8990,False,
36956,37894,train,train,0.8990,False,
37737,37782,train,train,0.8990,False,
37782,37894,train,train,0.8990,False,
92089,92101,test,test,0.8989,False,
31838,37993,val,val,0.8986,False,
31838,37170,val,train,0.8986,True,
92092,92102,test,test,0.8984,False,
27635,31971,train,train,0.8984,False,
34655,34679,train,train,0.8983,False,
37756,37767,train,train,0.8983,False,
37952,32954,val,val,0.8983,False,
92091,92099,test,test,0.8982,False,
37760,37117,train,train,0.8981,False,
92102,92105,test,test,0.8980,False,
89811,89177,test,test,0.8978,False,
34797,33756,train,train,0.8976,False,
31101,31105,train,val,0.8976,True,
28863,30689,train,val,0.8975,True,
37106,33482,train,train,0.8972,False,
37795,38017,train,train,0.8971,False,
37795,38016,train,train,0.8971,False,
37795,38027,train,train,0.8971,False,
37795,38029,train,val,0.8971,True,
92092,92099,test,test,0.8968,False,
36787,34192,val,train,0.8966,True,
28413,34192,val,train,0.8966,True,
30066,34192,val,train,0.8966,True,
31855,34192,train,train,0.8966,False,
33313,26135,train,train,0.8965,False,
33883,33876,train,train,0.8964,False,
92099,92105,test,test,0.8964,False,
29084,29390,train,train,0.8964,False,
74261,73999,test,test,0.8962,False,
21844,21847,train,val,0.8962,True,
92085,92089,test,test,0.8961,False,
27517,36860,train,train,0.8960,False,
27517,36875,train,train,0.8960,False,
27517,37204,train,train,0.8960,False,
37754,37766,train,train,0.8960,False,
20633,20655,train,train,0.8960,False,
38211,38198,train,train,0.8960,False,
92086,92100,test,test,0.8958,False,
36821,30566,train,train,0.8956,False,
30542,30549,train,train,0.8953,False,
37820,37924,train,train,0.8952,False,
70661,78901,test,test,0.8951,False,
37106,34686,train,train,0.8951,False,
15747,10760,train,train,0.8951,False,
92096,92105,test,test,0.8950,False,
5873,5876,val,train,0.8947,True,
91739,91757,test,test,0.8947,False,
92097,92100,test,test,0.8947,False,
25140,26112,train,train,0.8946,False,
37581,37738,train,train,0.8946,False,
37581,37882,train,val,0.8946,True,
37738,38025,train,train,0.8946,False,
37738,38011,train,train,0.8946,False,
38025,37882,train,val,0.8946,True,
37882,38011,val,train,0.8946,True,
92093,92096,test,test,0.8945,False,
37748,37910,train,val,0.8944,True,
92096,92103,test,test,0.8942,False,
59764,64806,train,train,0.8941,False,
31462,30542,train,train,0.8941,False,
21812,21845,train,train,0.8939,False,
92084,92096,test,test,0.8937,False,
37877,37948,val,val,0.8936,False,
92087,92100,test,test,0.8936,False,
92089,92098,test,test,0.8935,False,
37755,37767,train,train,0.8934,False,
37161,37182,train,train,0.8934,False,
92093,92090,test,test,0.8934,False,
37747,37756,train,train,0.8932,False,
92090,92103,test,test,0.8931,False,
66566,66570,test,test,0.8931,False,
10119,10125,train,train,0.8929,False,
27635,34221,train,train,0.8928,False,
34697,37106,train,train,0.8927,False,
36278,37948,train,val,0.8926,True,
92084,92090,test,test,0.8926,False,
92088,92089,test,test,0.8926,False,
92090,92095,test,test,0.8921,False,
21812,21844,train,train,0.8919,False,
84245,89893,test,test,0.8918,False,
971,663,train,train,0.8916,False,
36929,36938,train,train,0.8916,False,
36929,37168,train,train,0.8916,False,
36929,37930,train,train,0.8916,False,
36929,38066,train,train,0.8916,False,
36938,37213,train,train,0.8916,False,
37168,37213,train,train,0.8916,False,
37930,37213,train,train,0.8916,False,
38066,37213,train,train,0.8916,False,
36930,36939,train,train,0.8916,False,
36939,37437,train,train,0.8916,False,
28825,29659,train,train,0.8913,False,
31503,34121,train,train,0.8913,False,
92089,92102,test,test,0.8913,False,
101285,101286,test,test,0.8913,False,
37754,37767,train,train,0.8911,False,
28523,28774,train,val,0.8910,True,
33377,35396,train,train,0.8907,False,
33388,35396,train,train,0.8907,False,
33993,35396,val,train,0.8907,True,
36895,35396,train,train,0.8907,False,
34796,35396,train,train,0.8907,False,
43340,26134,train,train,0.8906,False,
28384,32214,val,train,0.8904,True,
37748,37796,train,train,0.8903,False,
38034,37921,train,train,0.8903,False,
37735,37759,val,train,0.8902,True,
36932,38263,train,val,0.8898,True,
36932,36954,train,train,0.8898,False,
37425,38263,train,val,0.8898,True,
37425,36954,train,train,0.8898,False,
37960,38263,val,val,0.8898,False,
37960,36954,val,train,0.8898,True,
92089,92099,test,test,0.8897,False,
32950,30519,train,train,0.8897,False,
85215,103919,test,test,0.8896,False,
34064,34317,train,train,0.8895,False,
27493,27773,train,train,0.8895,False,
27493,28576,train,val,0.8895,True,
38034,35150,train,train,0.8895,False,
34736,34121,train,train,0.8894,False,
34799,36326,train,train,0.8892,False,
92091,92096,test,test,0.8891,False,
37975,37921,train,train,0.8889,False,
37053,34686,val,train,0.8887,True,
4717,3686,val,train,0.8887,True,
86879,87388,test,test,0.8884,False,
36074,35392,train,train,0.8883,False,
92090,92091,test,test,0.8879,False,
34697,38034,train,train,0.8877,False,
92092,92096,test,test,0.8877,False,
34799,36266,train,val,0.8875,True,
37735,37928,val,val,0.8874,False,
92093,92103,test,test,0.8872,False,
27660,29770,train,train,0.8871,False,
24606,24931,train,train,0.8870,False,
92093,92084,test,test,0.8867,False,
29585,30308,train,train,0.8866,False,
92090,92092,test,test,0.8866,False,
33023,28220,train,train,0.8864,False,
32732,35392,train,train,0.8863,False,
92093,92095,test,test,0.8863,False,
29072,30072,train,train,0.8862,False,
67606,62713,test,train,0.8862,True,ignore
92090,92105,test,test,0.8861,False,
22398,22399,train,train,0.8860,False,
92095,92103,test,test,0.8860,False,
19229,19254,val,train,0.8859,True,
37747,37755,train,train,0.8856,False,
92084,92095,test,test,0.8855,False,
30335,30342,train,train,0.8855,False,
27767,34078,train,train,0.8854,False,
27767,34656,train,train,0.8854,False,
28615,34078,train,train,0.8854,False,
28615,34656,train,train,0.8854,False,
92100,92101,test,test,0.8853,False,
37734,37767,val,train,0.8852,True,
86398,86440,test,test,0.8851,False,
33304,33329,train,train,0.8848,False,
33304,33330,train,train,0.8848,False,
33304,33331,train,train,0.8848,False,
33305,33329,train,train,0.8848,False,
33305,33330,train,train,0.8848,False,
33305,33331,train,train,0.8848,False,
33306,33329,val,train,0.8848,True,
33306,33330,val,train,0.8848,True,
33306,33331,val,train,0.8848,True,
33307,33329,train,train,0.8848,False,
33307,33330,train,train,0.8848,False,
33307,33331,train,train,0.8848,False,
33308,33329,train,train,0.8848,False,
33308,33330,train,train,0.8848,False,
33308,33331,train,train,0.8848,False,
32708,32961,train,train,0.8847,False,
28214,36917,val,train,0.8844,True,
28214,33827,val,val,0.8844,False,
32691,32693,val,train,0.8844,True,
37949,37954,train,train,0.8843,False,
29072,29659,train,train,0.8842,False,
28214,28863,val,train,0.8842,True,
34781,34871,train,train,0.8840,False,
28565,29072,train,train,0.8838,False,
37747,37754,train,train,0.8838,False,
27290,27344,train,train,0.8838,False,
18928,19254,train,train,0.8836,False,
37577,38205,train,train,0.8833,False,
28264,37101,val,val,0.8830,False,
38034,33406,train,train,0.8826,False,
92085,92100,test,test,0.8825,False,
37759,37928,train,val,0.8825,True,
37759,37906,train,train,0.8821,False,
92093,92091,test,test,0.8821,False,
74661,74821,test,test,0.8821,False,
36955,37610,train,train,0.8820,False,
36955,37409,train,train,0.8820,False,
36955,37956,train,val,0.8820,True,
37610,38159,train,train,0.8820,False,
38159,37409,train,train,0.8820,False,
38159,37956,train,val,0.8820,True,
34812,34823,train,train,0.8820,False,
34812,34155,train,train,0.8820,False,
34812,35006,train,train,0.8820,False,
34823,35107,train,val,0.8820,True,
34823,34115,train,train,0.8820,False,
35107,34155,val,train,0.8820,True,
35107,35006,val,train,0.8820,True,
34115,34155,train,train,0.8820,False,
34115,35006,train,train,0.8820,False,
28274,33738,val,train,0.8819,True,
28274,34815,val,train,0.8819,True,
28274,35754,val,val,0.8819,False,
28274,34170,val,train,0.8819,True,
32346,33738,val,train,0.8819,True,
32346,34815,val,train,0.8819,True,
32346,35754,val,val,0.8819,False,
32346,34170,val,train,0.8819,True,
33738,28306,train,train,0.8819,False,
33738,30303,train,train,0.8819,False,
34815,28306,train,train,0.8819,False,
34815,30303,train,train,0.8819,False,
35754,28306,val,train,0.8819,True,
35754,30303,val,train,0.8819,True,
28306,34170,train,train,0.8819,False,
30303,34170,train,train,0.8819,False,
92091,92103,test,test,0.8818,False,
37053,38034,val,train,0.8817,True,
92084,92091,test,test,0.8813,False,
30519,30571,train,val,0.8813,True,
34034,34065,train,val,0.8811,True,
27680,38198,train,train,0.8809,False,
92091,92095,test,test,0.8809,False,
37906,37928,train,val,0.8808,True,
92093,92092,test,test,0.8807,False,
30261,28735,train,train,0.8807,False,
92089,92096,test,test,0.8807,False,
37734,37766,val,train,0.8805,True,
92092,92103,test,test,0.8804,False,
92093,92105,test,test,0.8803,False,
92098,92100,test,test,0.8800,False,
92084,92092,test,test,0.8800,False,
30708,32819,val,train,0.8799,True,
30708,32821,val,train,0.8799,True,
30708,32548,val,train,0.8799,True,
86872,87961,test,test,0.8799,False,
31513,33739,train,train,0.8798,False,
31513,34175,train,train,0.8798,False,
31513,35575,train,val,0.8798,True,
31513,36452,train,train,0.8798,False,
31513,34231,train,train,0.8798,False,
37178,37940,train,val,0.8797,True,
37848,37940,val,val,0.8797,False,
37895,37940,train,val,0.8797,True,
37940,37947,val,val,0.8797,False,
92089,92090,test,test,0.8795,False,
92084,92105,test,test,0.8795,False,
92092,92095,test,test,0.8795,False,
38209,31935,train,train,0.8795,False,
38034,33482,train,train,0.8791,False,
92095,92105,test,test,0.8791,False,
92088,92100,test,test,0.8790,False,
34064,34104,train,train,0.8789,False,
37229,37992,val,train,0.8786,True,
27917,30317,train,val,0.8784,True,
31592,30317,train,val,0.8784,True,
37744,37117,train,train,0.8783,False,
38172,32961,train,train,0.8782,False,
28264,38201,val,train,0.8782,True,
38034,34686,train,train,0.8780,False,
92100,92102,test,test,0.8778,False,
36317,37344,val,train,0.8778,True,
29256,28437,train,train,0.8778,False,
33402,34065,train,val,0.8778,True,
92103,92104,test,test,0.8777,False,
27773,27317,train,train,0.8777,False,
28576,27317,val,train,0.8777,True,
37931,38060,train,val,0.8775,True,
19002,19254,train,train,0.8775,False,
37735,37906,val,train,0.8775,True,
26955,38198,train,train,0.8773,False,
29604,29964,train,train,0.8769,False,
27662,34221,train,train,0.8769,False,
35399,32942,val,train,0.8766,True,
92099,92100,test,test,0.8763,False,
37796,37907,train,train,0.8762,False,
54429,56078,train,val,0.8761,True,
31085,34207,train,train,0.8755,False,
36204,37907,train,train,0.8754,False,
92091,92092,test,test,0.8754,False,
28565,28437,train,train,0.8752,False,
31350,30714,val,val,0.8751,False,
92091,92105,test,test,0.8749,False,
26149,26151,train,train,0.8748,False,
27675,30519,train,train,0.8747,False,
37163,93536,train,test,0.8747,True,ignore
29072,29256,train,train,0.8745,False,
30157,30169,train,train,0.8744,False,
32267,30264,train,train,0.8743,False,
10773,14899,train,val,0.8742,True,
37762,37117,val,train,0.8742,True,
56244,56879,train,train,0.8740,False,
92086,92104,test,test,0.8740,False,
92086,92094,test,test,0.8738,False,
92093,92089,test,test,0.8738,False,
57159,64806,train,train,0.8737,False,
37106,37975,train,train,0.8737,False,
92092,92105,test,test,0.8736,False,
130672,130914,test,test,0.8736,False,
92089,92103,test,test,0.8735,False,
92084,92089,test,test,0.8730,False,
92097,92104,test,test,0.8729,False,
92094,92097,test,test,0.8727,False,
36917,30689,train,val,0.8727,True,
33827,30689,val,val,0.8727,False,
31840,33740,train,val,0.8726,True,
31840,34177,train,train,0.8726,False,
31840,34716,train,train,0.8726,False,
31840,34388,train,train,0.8726,False,
32256,33740,train,val,0.8726,True,
32256,34177,train,train,0.8726,False,
32256,34716,train,train,0.8726,False,
32256,34388,train,train,0.8726,False,
33740,34166,val,train,0.8726,True,
33740,28083,val,train,0.8726,True,
33740,34465,val,train,0.8726,True,
33740,32343,val,train,0.8726,True,
34166,34177,train,train,0.8726,False,
34166,34716,train,train,0.8726,False,
34166,34388,train,train,0.8726,False,
34177,28083,train,train,0.8726,False,
34177,34465,train,train,0.8726,False,
34177,32343,train,train,0.8726,False,
34716,28083,train,train,0.8726,False,
34716,34465,train,train,0.8726,False,
34716,32343,train,train,0.8726,False,
28083,34388,train,train,0.8726,False,
34388,34465,train,train,0.8726,False,
34388,32343,train,train,0.8726,False,
92089,92095,test,test,0.8725,False,
34301,30519,val,train,0.8724,True,
27272,30607,train,train,0.8724,False,
34221,29820,train,train,0.8723,False,
34034,33402,train,train,0.8719,False,
92087,92104,test,test,0.8718,False,
92087,92094,test,test,0.8716,False,
31935,32214,train,train,0.8713,False,
34654,28067,train,train,0.8713,False,
10123,10125,train,train,0.8711,False,
37757,37117,train,train,0.8711,False,
92104,92105,test,test,0.8709,False,
38209,32214,train,train,0.8707,False,
28214,26970,val,train,0.8707,True,
34654,28378,train,train,0.8703,False,
28420,28426,val,train,0.8703,True,
28657,30519,train,train,0.8703,False,
91972,91985,test,test,0.8698,False,
28214,27691,val,train,0.8698,True,
30072,28437,train,train,0.8697,False,
28880,28737,val,val,0.8695,False,
28657,32959,train,train,0.8694,False,
39984,39985,train,train,0.8694,False,
33703,36230,val,val,0.8693,False,
32950,27317,train,train,0.8692,False,
54429,56090,train,train,0.8690,False,
33703,33405,val,val,0.8688,False,
32692,33256,train,train,0.8687,False,
37734,37747,val,train,0.8686,True,
83629,83631,test,test,0.8685,False,
92089,92091,test,test,0.8684,False,
28554,38064,train,train,0.8684,False,
8682,12273,train,train,0.8680,False,
37969,33398,train,train,0.8679,False,
33023,34121,train,train,0.8678,False,
37756,37117,train,train,0.8674,False,
92096,92100,test,test,0.8673,False,
36010,36159,train,train,0.8672,False,
56241,56242,train,val,0.8672,True,
92089,92092,test,test,0.8671,False,
27675,27317,train,train,0.8670,False,
55189,55192,train,train,0.8669,False,
28825,28437,train,train,0.8668,False,
92089,92105,test,test,0.8667,False,
31187,36846,train,train,0.8664,False,
31187,34665,train,train,0.8664,False,
34785,36846,train,train,0.8664,False,
34785,34665,train,train,0.8664,False,
36846,28336,train,val,0.8664,True,
36846,31742,train,val,0.8664,True,
36846,32540,train,train,0.8664,False,
28336,34665,val,train,0.8664,True,
31742,34665,val,train,0.8664,True,
32540,34665,train,train,0.8664,False,
92090,92100,test,test,0.8662,False,
37044,28383,train,train,0.8661,False,
28383,33399,train,train,0.8661,False,
28383,34087,train,train,0.8661,False,
37907,37910,train,val,0.8658,True,
33882,34855,train,val,0.8657,True,
27317,30571,train,val,0.8657,True,
10119,10121,train,train,0.8652,False,
35306,35396,train,train,0.8650,False,
37053,37179,val,train,0.8649,True,
10121,10123,train,train,0.8646,False,
28415,42724,val,train,0.8643,True,
37877,33730,val,train,0.8643,True,
37759,37820,train,train,0.8641,False,
27477,37101,train,val,0.8640,True,
25083,24607,train,val,0.8640,True,
34301,27317,val,train,0.8640,True,
33323,33326,train,val,0.8639,True,
34697,37975,train,train,0.8638,False,
92101,92104,test,test,0.8637,False,
32758,34372,train,train,0.8636,False,
37754,37117,train,train,0.8636,False,
92094,92101,test,test,0.8636,False,
35750,28096,train,val,0.8634,True,
37917,37928,train,val,0.8630,True,
33023,28399,train,train,0.8626,False,
37820,37906,train,train,0.8621,False,
37755,37117,train,train,0.8621,False,
101286,101341,test,test,0.8621,False,
30375,34835,train,train,0.8618,False,
30375,33400,train,train,0.8618,False,
30375,34077,train,train,0.8618,False,
32910,34835,val,train,0.8618,True,
32910,33400,val,train,0.8618,True,
32910,34077,val,train,0.8618,True,
32994,34835,train,train,0.8618,False,
32994,33400,train,train,0.8618,False,
32994,34077,train,train,0.8618,False,
34835,34986,train,val,0.8618,True,
34835,28730,train,train,0.8618,False,
34835,30322,train,val,0.8618,True,
34835,30408,train,train,0.8618,False,
34835,30570,train,train,0.8618,False,
34835,32036,train,train,0.8618,False,
34835,34117,train,train,0.8618,False,
34835,35826,train,val,0.8618,True,
34986,33400,val,train,0.8618,True,
34986,34077,val,train,0.8618,True,
28730,33400,train,train,0.8618,False,
28730,34077,train,train,0.8618,False,
30322,33400,val,train,0.8618,True,
30322,34077,val,train,0.8618,True,
30408,33400,train,train,0.8618,False,
30408,34077,train,train,0.8618,False,
30570,33400,train,train,0.8618,False,
30570,34077,train,train,0.8618,False,
32036,33400,train,train,0.8618,False,
32036,34077,train,train,0.8618,False,
33400,34117,train,train,0.8618,False,
33400,35826,train,val,0.8618,True,
34077,34117,train,train,0.8618,False,
34077,35826,train,val,0.8618,True,
57159,59764,train,train,0.8616,False,
34686,37921,train,train,0.8613,False,
18337,13891,train,train,0.8613,False,
33315,33895,train,train,0.8613,False,
92085,92104,test,test,0.8610,False,
27673,38198,train,train,0.8609,False,
92085,92094,test,test,0.8609,False,
32959,30571,train,val,0.8607,True,
29040,34367,train,val,0.8606,True,
92093,92100,test,test,0.8605,False,
27529,34221,train,train,0.8603,False,
92100,92103,test,test,0.8603,False,
28426,28523,train,train,0.8602,False,
5962,5967,train,train,0.8601,False,
32950,32959,train,train,0.8599,False,
34887,37992,train,train,0.8599,False,
92084,92100,test,test,0.8598,False,
92095,92100,test,test,0.8593,False,
38211,26955,train,train,0.8592,False,
33406,37921,train,train,0.8592,False,
34033,35441,train,train,0.8592,False,
33874,34855,val,val,0.8591,False,
36787,37817,val,val,0.8589,False,
36787,37861,val,train,0.8589,True,
36787,37988,val,train,0.8589,True,
37817,28413,val,val,0.8589,False,
37817,30066,val,val,0.8589,False,
37817,31855,val,train,0.8589,True,
37861,28413,train,val,0.8589,True,
37861,30066,train,val,0.8589,True,
37861,31855,train,train,0.8589,False,
37988,28413,train,val,0.8589,True,
37988,30066,train,val,0.8589,True,
37988,31855,train,train,0.8589,False,
28399,34121,train,train,0.8587,False,
92098,92104,test,test,0.8586,False,
92094,92098,test,test,0.8584,False,
33324,33326,train,val,0.8584,True,
38201,27477,train,train,0.8584,False,
33874,34671,val,train,0.8583,True,
33891,34102,train,train,0.8581,False,
66550,66570,test,test,0.8579,False,
34970,35397,val,train,0.8577,True,
92088,92104,test,test,0.8576,False,
33291,30523,train,val,0.8576,True,
32059,31105,train,val,0.8575,True,
36896,31105,val,val,0.8575,False,
31105,32437,val,train,0.8575,True,
27675,32959,train,train,0.8575,False,
92088,92094,test,test,0.8575,False,
34301,32959,val,train,0.8571,True,
35150,37921,train,train,0.8570,False,
37735,37820,val,train,0.8569,True,
35385,36126,train,val,0.8568,True,
28429,28880,val,val,0.8568,False,
29659,28437,train,train,0.8566,False,
37734,37760,val,train,0.8566,True,
28514,34202,val,train,0.8566,True,
92102,92104,test,test,0.8564,False,
78129,82298,test,test,0.8563,False,
92094,92102,test,test,0.8563,False,
27917,29770,train,train,0.8560,False,
31592,29770,train,train,0.8560,False,
34221,31971,train,train,0.8560,False,
37993,34192,val,train,0.8559,True,
34192,37170,train,train,0.8559,False,
34034,33403,train,train,0.8559,False,
37106,35150,train,train,0.8557,False,
29084,28737,train,val,0.8556,True,
9224,6109,train,train,0.8555,False,
28880,29390,val,train,0.8553,True,
92091,92100,test,test,0.8553,False,
37106,37179,train,train,0.8553,False,
92099,92104,test,test,0.8549,False,
84652,93584,test,test,0.8549,False,
92094,92099,test,test,0.8548,False,
7016,7521,train,train,0.8548,False,
35589,33315,train,train,0.8546,False,
33023,31503,train,train,0.8543,False,
37731,37760,train,train,0.8542,False,
101285,101341,test,test,0.8540,False,
92092,92100,test,test,0.8540,False,
86460,86658,test,test,0.8540,False,
2963,2378,train,val,0.8538,True,
27691,26970,train,train,0.8538,False,
29149,28523,train,train,0.8538,False,
10121,10125,train,train,0.8537,False,
92100,92105,test,test,0.8536,False,
91107,93223,test,test,0.8535,False,
28768,27660,val,train,0.8534,True,
34367,35756,val,val,0.8534,False,
33882,37916,train,train,0.8533,False,
74661,78901,test,test,0.8532,False,
34697,33406,train,train,0.8532,False,
4127,5716,train,train,0.8530,False,
4127,7441,train,train,0.8524,False,
28825,29072,train,train,0.8524,False,
28529,29224,train,train,0.8523,False,
86398,86682,test,test,0.8520,False,
3686,5716,train,train,0.8520,False,
31503,34875,train,train,0.8520,False,
17523,19500,train,train,0.8519,False,
37811,33874,train,val,0.8518,True,
37163,93740,train,test,0.8517,True,ignore
34658,37071,train,train,0.8517,False,
130854,131793,test,test,0.8516,False,
27680,26955,train,train,0.8514,False,
33023,34875,train,train,0.8511,False,
34317,36271,train,train,0.8507,False,
34970,35400,val,train,0.8505,True,
37820,37928,train,val,0.8504,True,
33482,34686,train,train,0.8502,False,
